Day_of_week,Age_band_of_driver,Sex_of_driver,Educational_level,Vehicle_driver_relation,Driving_experience,Type_of_vehicle,Owner_of_vehicle,Service_year_of_vehicle,Area_accident_occured,Lanes_or_Medians,Road_allignment,Types_of_Junction,Road_surface_type,Road_surface_conditions,Light_conditions,Weather_conditions,Type_of_collision,Number_of_vehicles_involved,Number_of_casualties,Vehicle_movement,Cause_of_accident,Accident_severity,Hour,TimeOfDay,RushHour,IsWeekend,Age_band_of_driver_ord,Driving_experience_ord,Service_year_of_vehicle_ord,Educational_level_ord,Severity_code
Sunday,Over 51,Male,Junior high school,Owner,5-10yr,Other,Owner,Unknown,Industrial areas,Undivided Two way,Tangent road with mild grade and flat terrain,Crossing,Asphalt roads,Wet or damp,Darkness - lights lit,Normal,Vehicle with vehicle collision,2,1,Going straight,Driving carelessly,Slight Injury,17,Afternoon,1,1,3,4,-1,3,0
Saturday,18-30,Male,Above high school,Employee,5-10yr,Automobile,Owner,Unknown,Other,Two-way (divided with broken lines road marking),Tangent road with flat terrain,Crossing,Asphalt roads,Wet or damp,Darkness - lights lit,Raining,Collision with roadside objects,2,1,Going straight,No distancing,Slight Injury,21,Evening,0,1,1,4,-1,5,0
Saturday,18-30,Male,Junior high school,Employee,5-10yr,Automobile,Owner,Unknown,Other,Other,Tangent road with flat terrain,Crossing,Asphalt roads,Wet or damp,Darkness - lights lit,Raining,Vehicle with vehicle collision,2,1,Going straight,Moving Backward,Slight Injury,21,Evening,0,1,1,4,-1,3,0
Tuesday,18-30,Male,Junior high school,Employee,Above 10yr,Automobile,Owner,5-10yrs,Church areas,Other,Tangent road with flat terrain,Y Shape,Asphalt roads,Wet or damp,Daylight,Normal,Vehicle with vehicle collision,2,1,Going straight,No distancing,Slight Injury,7,Morning,1,0,1,5,3,3,0
Tuesday,31-50,Male,Junior high school,Employee,1-2yr,Automobile,Owner,5-10yrs,Church areas,Undivided Two way,Tangent road with flat terrain,Y Shape,Asphalt roads,Wet or damp,Daylight,Normal,Vehicle with vehicle collision,2,1,Going straight,Moving Backward,Slight Injury,7,Morning,1,0,2,2,3,3,0
Wednesday,31-50,Male,Junior high school,Employee,2-5yr,Lorry (41-100Q),Owner,Unknown,Other,Two-way (divided with broken lines road marking),Tangent road with flat terrain,No junction,Asphalt roads,Wet or damp,Daylight,Other,Vehicle with vehicle collision,1,1,Going straight,No priority to pedestrian,Slight Injury,10,Morning,0,0,2,3,-1,3,0
Wednesday,31-50,Male,Junior high school,Employee,Below 1yr,Other,Owner,Unknown,Other,One way,Tangent road with flat terrain,No junction,Asphalt roads,Wet or damp,Daylight,Raining,Vehicle with vehicle collision,2,3,Going straight,Changing lane to the left,Slight Injury,13,Afternoon,0,0,2,1,-1,3,0
Wednesday,31-50,Male,Junior high school,Employee,Above 10yr,Pick up upto 10Q,Governmental,2-5yrs,Recreational areas,Two-way (divided with broken lines road marking),Tangent road with flat terrain,No junction,Asphalt roads,Wet or damp,Daylight,Raining,Vehicle with vehicle collision,2,3,Going straight,No distancing,Slight Injury,13,Afternoon,0,0,2,5,2,3,0
Wednesday,31-50,Male,Junior high school,Employee,1-2yr,Stationwagen,Owner,2-5yrs,Other,Undivided Two way,Tangent road with flat terrain,No junction,Asphalt roads,Wet or damp,Daylight,Raining,Collision with pedestrians,2,3,Going straight,Other,Slight Injury,13,Afternoon,0,0,2,2,2,3,0
Thursday,18-30,Male,Above high school,Employee,5-10yr,Other,Owner,5-10yrs,Office areas,Undivided Two way,Tangent road with flat terrain,Y Shape,Other,Dry,Daylight,Normal,Collision with pedestrians,2,1,Moving Backward,No distancing,Slight Injury,11,Morning,0,0,1,4,3,5,0
Thursday,18-30,Male,Junior high school,Employee,5-10yr,Pick up upto 10Q,Owner,5-10yrs,Church areas,Two-way (divided with broken lines road marking),Tangent road with flat terrain,Y Shape,Asphalt roads,Dry,Daylight,Normal,Collision with roadside objects,2,1,Going straight,No priority to pedestrian,Slight Injury,11,Morning,0,0,1,4,3,3,0
Friday,Unknown,Female,Elementary school,Owner,Below 1yr,Stationwagen,Owner,2-5yrs,Office areas,Two-way (divided with broken lines road marking),Tangent road with flat terrain,Y Shape,Asphalt roads,Wet or damp,Darkness - lights lit,Normal,Collision with pedestrians,3,1,Going straight,Moving Backward,Slight Injury,16,Afternoon,1,0,-1,1,2,2,0
Friday,31-50,Male,Unknown,Unknown,Unknown,Lorry (41-100Q),Unknown,Unknown,Office areas,Undivided Two way,Tangent road with mountainous terrain and,Y Shape,Asphalt roads,Wet or damp,Darkness - lights lit,Normal,Vehicle with vehicle collision,3,1,Going straight,No priority to pedestrian,Slight Injury,16,Afternoon,1,0,2,-1,-1,-1,0
Friday,Over 51,Unknown,Junior high school,Employee,Above 10yr,Automobile,Owner,2-5yrs,Other,Undivided Two way,Tangent road with flat terrain,Y Shape,Asphalt roads,Wet or damp,Darkness - lights lit,Normal,Vehicle with vehicle collision,3,1,Going straight,No distancing,Slight Injury,16,Afternoon,1,0,3,5,2,3,0
Friday,31-50,Male,Junior high school,Unknown,Unknown,Unknown,Governmental,Unknown,Residential areas,Two-way (divided with broken lines road marking),Tangent road with flat terrain,No junction,Asphalt roads,Wet or damp,Darkness - lights lit,Normal,Vehicle with vehicle collision,1,1,Going straight,No priority to pedestrian,Serious Injury,1,Night,0,0,2,-1,-1,3,1
Monday,18-30,Male,Junior high school,Employee,1-2yr,Automobile,Owner,2-5yrs,Office areas,Two-way (divided with broken lines road marking),Tangent road with mild grade and flat terrain,No junction,Asphalt roads,Wet or damp,Darkness - lights lit,Raining,Collision with roadside objects,2,1,Going straight,Driving carelessly,Serious Injury,20,Evening,0,0,1,2,2,3,1
Monday,18-30,Male,Junior high school,Owner,2-5yr,Automobile,Owner,2-5yrs,Residential areas,Other,Tangent road with flat terrain,No junction,Asphalt roads,Wet or damp,Darkness - lights lit,Raining,Collision with roadside objects,2,1,Going straight,Getting off the vehicle improperly,Serious Injury,20,Evening,0,0,1,3,2,3,1
Wednesday,18-30,Male,Unknown,Employee,Unknown,Turbo,Owner,Unknown,Residential areas,Two-way (divided with broken lines road marking),Tangent road with flat terrain,No junction,Other,Wet or damp,Darkness - no lighting,Windy,Vehicle with vehicle collision,2,3,Going straight,Driving carelessly,Slight Injury,17,Afternoon,1,0,1,-1,-1,-1,0
Wednesday,18-30,Unknown,Junior high school,Employee,Above 10yr,Unknown,Owner,Unknown,Other,Double carriageway (median),Tangent road with flat terrain,No junction,Asphalt roads,Wet or damp,Darkness - no lighting,Windy,Vehicle with vehicle collision,2,3,Going straight,Changing lane to the left,Slight Injury,17,Afternoon,1,0,1,5,-1,3,0
Wednesday,18-30,Male,Junior high school,Owner,2-5yr,Stationwagen,Owner,Unknown,Hospital areas,One way,Tangent road with flat terrain,No junction,Asphalt roads,Wet or damp,Darkness - no lighting,Windy,Vehicle with vehicle collision,2,3,Going straight,No priority to vehicle,Slight Injury,17,Afternoon,1,0,1,3,-1,3,0
Wednesday,Over 51,Male,Junior high school,Employee,5-10yr,Automobile,Governmental,Unknown,Other,Undivided Two way,Tangent road with flat terrain,Y Shape,Asphalt roads,Wet or damp,Darkness - lights lit,Raining,Vehicle with vehicle collision,1,1,Going straight,Changing lane to the right,Slight Injury,17,Afternoon,1,0,3,4,-1,3,0
Monday,18-30,Male,Junior high school,Employee,2-5yr,Automobile,Owner,Unknown,Other,Undivided Two way,Tangent road with flat terrain,O Shape,Asphalt roads,Wet or damp,Darkness - lights lit,Raining,Vehicle with vehicle collision,1,1,Going straight,Changing lane to the right,Serious Injury,21,Evening,0,0,1,3,-1,3,1
Monday,18-30,Male,Junior high school,Employee,1-2yr,Automobile,Owner,Unknown,Recreational areas,One way,Tangent road with mild grade and flat terrain,Y Shape,Asphalt roads,Dry,Daylight,Normal,Vehicle with vehicle collision,1,1,Going straight,No distancing,Slight Injury,15,Afternoon,0,0,1,2,-1,3,0
Monday,Unknown,Female,Junior high school,Employee,5-10yr,Pick up upto 10Q,Owner,Unknown,Other,Undivided Two way,Tangent road with flat terrain,Y Shape,Asphalt roads,Wet or damp,Darkness - lights lit,Raining,Vehicle with vehicle collision,1,1,Going straight,No distancing,Slight Injury,18,Evening,1,0,-1,4,-1,3,0
Wednesday,Over 51,Male,Junior high school,Employee,2-5yr,Lorry (41-100Q),Owner,Unknown,Other,Undivided Two way,Tangent road with flat terrain,No junction,Asphalt roads,Dry,Daylight,Normal,Vehicle with vehicle collision,1,1,Going straight,Changing lane to the left,Slight Injury,8,Morning,1,0,3,3,-1,3,0
Tuesday,Unknown,Female,Elementary school,Employee,5-10yr,Lorry (41-100Q),Owner,Unknown,Other,Undivided Two way,Tangent road with flat terrain,Crossing,Asphalt roads,Wet or damp,Darkness - no lighting,Normal,Vehicle with vehicle collision,1,1,Going straight,Changing lane to the right,Slight Injury,15,Afternoon,0,0,-1,4,-1,2,0
Friday,18-30,Unknown,Above high school,Owner,5-10yr,Automobile,Owner,Below 1yr,Office areas,Two-way (divided with broken lines road marking),Tangent road with flat terrain,Crossing,Unknown,Wet or damp,Darkness - lights lit,Raining,Collision with roadside objects,2,1,Going straight,No priority to vehicle,Slight Injury,18,Evening,1,0,1,4,0,5,0
Friday,18-30,Male,Junior high school,Employee,2-5yr,Lorry (41-100Q),Owner,2-5yrs,Other,Two-way (divided with broken lines road marking),Tangent road with mild grade and flat terrain,Crossing,Other,Wet or damp,Darkness - lights lit,Raining,Collision with roadside objects,2,1,Reversing,Changing lane to the left,Slight Injury,18,Evening,1,0,1,3,2,3,0
Wednesday,18-30,Male,Junior high school,Employee,2-5yr,Lorry (41-100Q),Owner,Unknown,Residential areas,Two-way (divided with broken lines road marking),Tangent road with flat terrain,Crossing,Asphalt roads,Wet or damp,Darkness - no lighting,Raining,Collision with pedestrians,2,1,Going straight,No priority to vehicle,Slight Injury,19,Evening,1,0,1,3,-1,3,0
Wednesday,18-30,Male,Junior high school,Employee,2-5yr,Lorry (41-100Q),Owner,5-10yrs,Other,Undivided Two way,Tangent road with flat terrain,Crossing,Asphalt roads,Wet or damp,Darkness - no lighting,Raining,Vehicle with vehicle collision,2,1,Going straight,Moving Backward,Slight Injury,19,Evening,1,0,1,3,3,3,0
Friday,31-50,Unknown,Junior high school,Employee,5-10yr,Lorry (41-100Q),Owner,Unknown,Other,Undivided Two way,Tangent road with flat terrain,No junction,Asphalt roads,Wet or damp,Daylight,Normal,Vehicle with vehicle collision,2,1,Going straight,Turnover,Serious Injury,9,Morning,1,0,2,4,-1,3,1
Friday,18-30,Male,Junior high school,Employee,1-2yr,Automobile,Owner,Unknown,Church areas,Undivided Two way,Tangent road with flat terrain,No junction,Asphalt roads,Wet or damp,Daylight,Normal,Vehicle with vehicle collision,2,1,Unknown,No distancing,Serious Injury,9,Morning,1,0,1,2,-1,3,1
Wednesday,18-30,Male,Junior high school,Owner,2-5yr,Automobile,Owner,1-2yr,Office areas,Undivided Two way,Tangent road with flat terrain,No junction,Asphalt roads with some distress,Dry,Daylight,Normal,Vehicle with vehicle collision,2,1,Going straight,No distancing,Slight Injury,14,Afternoon,0,0,1,3,1,3,0
Wednesday,Over 51,Male,High school,Owner,2-5yr,Automobile,Owner,Above 10yr,School areas,Other,Tangent road with flat terrain,No junction,Unknown,Dry,Daylight,Normal,Vehicle with vehicle collision,2,1,Going straight,No distancing,Slight Injury,14,Afternoon,0,0,3,3,4,4,0
Friday,31-50,Male,Unknown,Employee,Unknown,Public (13-45 seats),Owner,2-5yrs,Other,Undivided Two way,Tangent road with flat terrain,Y Shape,Asphalt roads,Wet or damp,Daylight,Normal,Vehicle with vehicle collision,2,1,Going straight,Changing lane to the left,Slight Injury,14,Afternoon,0,0,2,-1,2,-1,0
Friday,31-50,Male,Junior high school,Owner,1-2yr,Automobile,Owner,1-2yr,Office areas,Undivided Two way,Tangent road with flat terrain,Y Shape,Asphalt roads,Wet or damp,Daylight,Normal,Vehicle with vehicle collision,2,1,Going straight,No priority to vehicle,Slight Injury,14,Afternoon,0,0,2,2,1,3,0
Tuesday,Unknown,Female,Junior high school,Unknown,Below 1yr,Public (13-45 seats),Owner,1-2yr,Residential areas,Other,Steep grade downward with mountainous terrain,Crossing,Asphalt roads,Wet or damp,Darkness - lights lit,Normal,Vehicle with vehicle collision,2,1,Going straight,Driving at high speed,Slight Injury,22,Evening,0,0,-1,1,1,3,0
Tuesday,Over 51,Male,High school,Employee,1-2yr,Public (13-45 seats),Owner,1-2yr,Industrial areas,One way,Tangent road with flat terrain,Crossing,Asphalt roads,Wet or damp,Darkness - lights lit,Normal,Vehicle with vehicle collision,2,1,Going straight,Overtaking,Slight Injury,22,Evening,0,0,3,2,1,4,0
Thursday,18-30,Male,Above high school,Employee,1-2yr,Automobile,Owner,2-5yrs,Other,Undivided Two way,Tangent road with flat terrain,Y Shape,Earth roads,Wet or damp,Darkness - lights lit,Windy,Collision with pedestrians,2,1,Unknown,Other,Slight Injury,7,Morning,1,0,1,2,2,5,0
Thursday,31-50,Male,Junior high school,Employee,Above 10yr,Lorry (11-40Q),Owner,1-2yr,Residential areas,Undivided Two way,Tangent road with flat terrain,Y Shape,Asphalt roads,Wet or damp,Darkness - lights lit,Windy,Collision with pedestrians,2,1,Moving Backward,Changing lane to the left,Slight Injury,7,Morning,1,0,2,5,1,3,0
Thursday,18-30,Male,High school,Employee,1-2yr,Automobile,Owner,1-2yr,Recreational areas,Two-way (divided with broken lines road marking),Tangent road with flat terrain,Y Shape,Asphalt roads,Wet or damp,Darkness - lights lit,Raining,Vehicle with vehicle collision,2,1,Going straight,No priority to pedestrian,Slight Injury,7,Morning,1,0,1,2,1,4,0
Thursday,31-50,Unknown,Junior high school,Employee,2-5yr,Lorry (41-100Q),Owner,Unknown,Office areas,Other,Tangent road with flat terrain,Y Shape,Asphalt roads,Wet or damp,Darkness - lights lit,Raining,Vehicle with vehicle collision,2,1,Turnover,Changing lane to the left,Slight Injury,7,Morning,1,0,2,3,-1,3,0
Wednesday,31-50,Male,Above high school,Other,2-5yr,Other,Owner,Unknown,Outside rural areas,Two-way (divided with broken lines road marking),Tangent road with flat terrain,Y Shape,Asphalt roads,Wet or damp,Daylight,Raining,Vehicle with vehicle collision,2,2,Turnover,No distancing,Slight Injury,8,Morning,1,0,2,3,-1,5,0
Wednesday,31-50,Male,High school,Employee,Above 10yr,Pick up upto 10Q,Owner,1-2yr,Outside rural areas,Two-way (divided with broken lines road marking),Tangent road with flat terrain,Y Shape,Asphalt roads,Wet or damp,Daylight,Raining,Vehicle with vehicle collision,2,2,Reversing,Moving Backward,Slight Injury,8,Morning,1,0,2,5,1,4,0
Tuesday,Over 51,Male,Elementary school,Employee,5-10yr,Lorry (11-40Q),Owner,1-2yr,Outside rural areas,Undivided Two way,Tangent road with flat terrain,Y Shape,Asphalt roads,Wet or damp,Daylight,Normal,Vehicle with vehicle collision,1,1,Reversing,Changing lane to the left,Serious Injury,16,Afternoon,1,0,3,4,1,2,1
Friday,18-30,Male,High school,Employee,1-2yr,Motorcycle,Governmental,Below 1yr,Outside rural areas,Undivided Two way,Tangent road with flat terrain,Y Shape,Asphalt roads,Wet or damp,Darkness - lights lit,Raining,Vehicle with vehicle collision,2,3,Reversing,Other,Serious Injury,22,Evening,0,0,1,2,0,4,1
Friday,18-30,Male,High school,Employee,5-10yr,Pick up upto 10Q,Owner,Unknown,Outside rural areas,Other,Steep grade downward with mountainous terrain,Y Shape,Asphalt roads,Wet or damp,Darkness - lights lit,Raining,Vehicle with vehicle collision,2,3,Moving Backward,No distancing,Serious Injury,22,Evening,0,0,1,4,-1,4,1
Friday,18-30,Male,High school,Employee,2-5yr,Lorry (11-40Q),Owner,Unknown,School areas,Other,Steep grade downward with mountainous terrain,Y Shape,Asphalt roads,Wet or damp,Darkness - lights lit,Raining,Vehicle with vehicle collision,2,3,Going straight,Moving Backward,Serious Injury,22,Evening,0,0,1,3,-1,4,1
Friday,18-30,Male,Junior high school,Employee,1-2yr,Lorry (11-40Q),Owner,Above 10yr,Outside rural areas,Two-way (divided with broken lines road marking),Tangent road with flat terrain,Y Shape,Asphalt roads,Wet or damp,Darkness - lights lit,Raining,Vehicle with vehicle collision,2,3,Going straight,No distancing,Serious Injury,22,Evening,0,0,1,2,4,3,1
Saturday,18-30,Male,Above high school,Employee,Above 10yr,Automobile,Owner,Unknown,Outside rural areas,Undivided Two way,Tangent road with flat terrain,Y Shape,Asphalt roads,Wet or damp,Darkness - lights lit,Windy,Vehicle with vehicle collision,1,1,Going straight,Changing lane to the left,Slight Injury,3,Night,0,1,1,5,-1,5,0
Tuesday,Over 51,Male,Above high school,Employee,2-5yr,Automobile,Owner,Unknown,Outside rural areas,Two-way (divided with broken lines road marking),Escarpments,Crossing,Gravel roads,Dry,Daylight,Normal,Vehicle with vehicle collision,6,1,Going straight,Changing lane to the left,Slight Injury,9,Morning,1,0,3,3,-1,5,0
Tuesday,Unknown,Female,Elementary school,Employee,5-10yr,Other,Owner,2-5yrs,Outside rural areas,Two-way (divided with broken lines road marking),Tangent road with mountainous terrain and,Crossing,Asphalt roads,Dry,Daylight,Normal,Vehicle with vehicle collision,6,1,Going straight,No priority to pedestrian,Slight Injury,9,Morning,1,0,-1,4,2,2,0
Tuesday,Unknown,Female,Elementary school,Employee,1-2yr,Other,Owner,2-5yrs,Office areas,Undivided Two way,Tangent road with mountainous terrain and,Crossing,Asphalt roads,Dry,Daylight,Normal,Vehicle with vehicle collision,6,1,Going straight,Changing lane to the left,Slight Injury,9,Morning,1,0,-1,2,2,2,0
Tuesday,Unknown,Female,Junior high school,Employee,Unknown,Automobile,Owner,2-5yrs,Outside rural areas,Undivided Two way,Tangent road with mountainous terrain and,Crossing,Asphalt roads,Dry,Daylight,Normal,Vehicle with vehicle collision,6,1,Going straight,Driving carelessly,Slight Injury,9,Morning,1,0,-1,-1,2,3,0
Tuesday,Unknown,Female,Unknown,Unknown,Unknown,Taxi,Owner,Unknown,Outside rural areas,Undivided Two way,Tangent road with mountainous terrain and,Crossing,Asphalt roads,Dry,Daylight,Normal,Vehicle with vehicle collision,6,1,Going straight,Driving carelessly,Slight Injury,9,Morning,1,0,-1,-1,-1,-1,0
Tuesday,Unknown,Female,Elementary school,Employee,5-10yr,Other,Owner,2-5yrs,Outside rural areas,Undivided Two way,Tangent road with flat terrain,Crossing,Asphalt roads,Dry,Daylight,Normal,Vehicle with vehicle collision,6,1,Going straight,No priority to pedestrian,Slight Injury,9,Morning,1,0,-1,4,2,2,0
Thursday,Under 18,Male,Junior high school,Employee,2-5yr,Taxi,Owner,Unknown,Office areas,Undivided Two way,Tangent road with flat terrain,Y Shape,Asphalt roads,Wet or damp,Daylight,Raining,Vehicle with vehicle collision,2,2,Going straight,Getting off the vehicle improperly,Slight Injury,7,Morning,1,0,0,3,-1,3,0
Thursday,18-30,Male,Junior high school,Employee,5-10yr,Lorry (11-40Q),Owner,Unknown,Recreational areas,Undivided Two way,Tangent road with flat terrain,Y Shape,Asphalt roads,Wet or damp,Daylight,Raining,Vehicle with vehicle collision,2,2,Going straight,No distancing,Slight Injury,7,Morning,1,0,1,4,-1,3,0
Tuesday,18-30,Unknown,High school,Employee,2-5yr,Automobile,Owner,Above 10yr,Office areas,Undivided Two way,Tangent road with flat terrain,O Shape,Asphalt roads,Wet or damp,Darkness - no lighting,Raining,Vehicle with vehicle collision,2,1,Going straight,Changing lane to the left,Slight Injury,20,Evening,0,0,1,3,4,4,0
Tuesday,18-30,Male,Junior high school,Employee,1-2yr,Other,Owner,2-5yrs,Other,Two-way (divided with broken lines road marking),Tangent road with mild grade and flat terrain,O Shape,Asphalt roads,Wet or damp,Darkness - no lighting,Raining,Vehicle with vehicle collision,2,1,Going straight,No priority to vehicle,Slight Injury,20,Evening,0,0,1,2,2,3,0
Tuesday,18-30,Male,Junior high school,Employee,1-2yr,Automobile,Owner,Above 10yr,Residential areas,Two-way (divided with broken lines road marking),Tangent road with flat terrain,Y Shape,Asphalt roads,Wet or damp,Darkness - lights lit,Normal,Vehicle with vehicle collision,2,2,Going straight,No distancing,Slight Injury,17,Afternoon,1,0,1,2,4,3,0
Tuesday,31-50,Unknown,Junior high school,Employee,5-10yr,Automobile,Owner,Above 10yr,Residential areas,Other,Tangent road with flat terrain,Y Shape,Asphalt roads,Wet or damp,Darkness - lights lit,Normal,Collision with roadside objects,2,2,Going straight,No priority to pedestrian,Slight Injury,17,Afternoon,1,0,2,4,4,3,0
Tuesday,31-50,Male,Illiterate,Employee,Unknown,Automobile,Owner,Unknown,Residential areas,Undivided Two way,Tangent road with flat terrain,Y Shape,Asphalt roads,Wet or damp,Darkness - lights lit,Normal,Collision with roadside objects,2,2,Going straight,No priority to pedestrian,Slight Injury,17,Afternoon,1,0,2,-1,-1,0,0
Saturday,Unknown,Female,Junior high school,Employee,5-10yr,Automobile,Owner,Above 10yr,Other,Undivided Two way,Tangent road with flat terrain,Y Shape,Asphalt roads,Wet or damp,Daylight,Normal,Vehicle with vehicle collision,2,2,Going straight,No priority to vehicle,Slight Injury,15,Afternoon,0,1,-1,4,4,3,0
Saturday,18-30,Male,Junior high school,Employee,1-2yr,Lorry (41-100Q),Owner,Unknown,Office areas,Two-way (divided with broken lines road marking),Tangent road with flat terrain,Y Shape,Asphalt roads,Wet or damp,Daylight,Normal,Vehicle with vehicle collision,2,2,Going straight,Driving carelessly,Slight Injury,15,Afternoon,0,1,1,2,-1,3,0
Saturday,18-30,Male,Junior high school,Employee,2-5yr,Other,Owner,Unknown,Other,Two-way (divided with broken lines road marking),Tangent road with flat terrain,Crossing,Asphalt roads,Wet or damp,Daylight,Raining,Vehicle with vehicle collision,3,1,Going straight,Changing lane to the right,Slight Injury,9,Morning,1,1,1,3,-1,3,0
Saturday,Over 51,Male,Junior high school,Employee,Above 10yr,Pick up upto 10Q,Owner,Above 10yr,Other,Other,Tangent road with flat terrain,Crossing,Asphalt roads,Wet or damp,Daylight,Raining,Vehicle with vehicle collision,3,1,Going straight,Changing lane to the left,Slight Injury,9,Morning,1,1,3,5,4,3,0
Saturday,31-50,Male,Junior high school,Owner,5-10yr,Pick up upto 10Q,Owner,5-10yrs,Office areas,Two-way (divided with broken lines road marking),Tangent road with flat terrain,Crossing,Asphalt roads,Wet or damp,Daylight,Raining,Collision with roadside objects,3,1,Going straight,Moving Backward,Slight Injury,9,Morning,1,1,2,4,3,3,0
Monday,18-30,Female,High school,Employee,1-2yr,Automobile,Owner,Below 1yr,Church areas,Other,Tangent road with flat terrain,No junction,Asphalt roads,Dry,Daylight,Normal,Vehicle with vehicle collision,2,1,Turnover,Driving carelessly,Serious Injury,11,Morning,0,0,1,2,0,4,1
Monday,Over 51,Female,Junior high school,Employee,Above 10yr,Long lorry,Owner,Unknown,Other,Two-way (divided with broken lines road marking),Tangent road with flat terrain,No junction,Asphalt roads,Dry,Daylight,Normal,Collision with roadside objects,2,1,Reversing,Driving to the left,Serious Injury,11,Morning,0,0,3,5,-1,3,1
Friday,Unknown,Female,Junior high school,Employee,1-2yr,Automobile,Owner,Unknown,Other,One way,Tangent road with flat terrain,No junction,Asphalt roads,Dry,Daylight,Normal,Collision with roadside objects,2,1,Moving Backward,Driving to the left,Slight Injury,13,Afternoon,0,0,-1,2,-1,3,0
Friday,18-30,Male,Junior high school,Employee,2-5yr,Public (13-45 seats),Owner,Unknown,Office areas,Double carriageway (median),Tangent road with flat terrain,No junction,Asphalt roads,Dry,Daylight,Normal,Collision with pedestrians,2,1,Going straight,No priority to pedestrian,Slight Injury,13,Afternoon,0,0,1,3,-1,3,0
Thursday,18-30,Male,Junior high school,Employee,Above 10yr,Lorry (41-100Q),Owner,Unknown,Office areas,One way,Tangent road with mild grade and flat terrain,Y Shape,Other,Wet or damp,Daylight,Raining,Vehicle with vehicle collision,2,3,Moving Backward,Changing lane to the left,Slight Injury,15,Afternoon,0,0,1,5,-1,3,0
Thursday,18-30,Male,Junior high school,Employee,2-5yr,Public (13-45 seats),Owner,Unknown,Office areas,Undivided Two way,Tangent road with flat terrain,Y Shape,Unknown,Wet or damp,Daylight,Raining,Collision with roadside objects,2,3,Going straight,Changing lane to the right,Slight Injury,15,Afternoon,0,0,1,3,-1,3,0
Thursday,31-50,Unknown,Elementary school,Employee,5-10yr,Other,Owner,Unknown,Office areas,Double carriageway (median),Tangent road with flat terrain,Y Shape,Asphalt roads,Wet or damp,Daylight,Raining,Vehicle with vehicle collision,2,3,Going straight,Driving carelessly,Slight Injury,15,Afternoon,0,0,2,4,-1,2,0
Thursday,31-50,Male,Unknown,Unknown,Unknown,Lorry (41-100Q),Owner,Unknown,Unknown,Two-way (divided with broken lines road marking),Tangent road with flat terrain,Y Shape,Asphalt roads,Wet or damp,Daylight,Normal,Vehicle with vehicle collision,2,2,Going straight,No distancing,Slight Injury,10,Morning,0,0,2,-1,-1,-1,0
Thursday,31-50,Male,Elementary school,Employee,1-2yr,Lorry (41-100Q),Owner,Below 1yr,Office areas,Undivided Two way,Tangent road with flat terrain,Y Shape,Asphalt roads,Wet or damp,Daylight,Normal,Vehicle with vehicle collision,2,2,Going straight,Getting off the vehicle improperly,Slight Injury,10,Morning,0,0,2,2,0,2,0
Thursday,18-30,Male,Elementary school,Employee,5-10yr,Long lorry,Owner,Unknown,Other,Unknown,Tangent road with flat terrain,No junction,Asphalt roads,Dry,Daylight,Normal,Vehicle with vehicle collision,2,1,Going straight,Driving under the influence of drugs,Slight Injury,15,Afternoon,0,0,1,4,-1,2,0
Thursday,18-30,Male,Elementary school,Employee,5-10yr,Pick up upto 10Q,Owner,Unknown,Other,Double carriageway (median),Tangent road with flat terrain,No junction,Asphalt roads,Dry,Daylight,Normal,Vehicle with vehicle collision,2,1,Unknown,Changing lane to the right,Slight Injury,15,Afternoon,0,0,1,4,-1,2,0
Thursday,18-30,Male,Junior high school,Employee,1-2yr,Pick up upto 10Q,Governmental,Unknown,Other,Two-way (divided with broken lines road marking),Tangent road with flat terrain,Y Shape,Asphalt roads,Wet or damp,Darkness - lights lit,Raining,Vehicle with vehicle collision,1,1,Going straight,Driving carelessly,Slight Injury,18,Evening,1,0,1,2,-1,3,0
Monday,18-30,Male,Junior high school,Employee,5-10yr,Lorry (41-100Q),Owner,Unknown,Office areas,Unknown,Tangent road with flat terrain,No junction,Asphalt roads,Wet or damp,Darkness - lights lit,Raining and Windy,Collision with roadside objects,2,2,Unknown,Moving Backward,Slight Injury,3,Night,0,0,1,4,-1,3,0
Monday,18-30,Male,Junior high school,Employee,5-10yr,Lorry (41-100Q),Owner,Unknown,Office areas,Unknown,Tangent road with flat terrain,No junction,Asphalt roads,Wet or damp,Darkness - lights lit,Raining and Windy,Vehicle with vehicle collision,2,2,Going straight,Turnover,Slight Injury,3,Night,0,0,1,4,-1,3,0
Monday,18-30,Unknown,Junior high school,Employee,2-5yr,Automobile,Owner,Unknown,Office areas,Two-way (divided with broken lines road marking),Tangent road with flat terrain,No junction,Asphalt roads,Wet or damp,Darkness - lights lit,Raining and Windy,Collision with roadside objects,2,2,Moving Backward,Changing lane to the right,Slight Injury,3,Night,0,0,1,3,-1,3,0
Sunday,31-50,Male,Junior high school,Employee,1-2yr,Other,Governmental,Unknown,Office areas,Two-way (divided with broken lines road marking),Tangent road with flat terrain,Crossing,Asphalt roads,Dry,Darkness - lights lit,Normal,Vehicle with vehicle collision,2,3,Going straight,Driving carelessly,Slight Injury,17,Afternoon,1,1,2,2,-1,3,0