Day_of_week,Age_band_of_driver,Sex_of_driver,Educational_level,Vehicle_driver_relation,Driving_experience,Type_of_vehicle,Owner_of_vehicle,Service_year_of_vehicle,Area_accident_occured,Lanes_or_Medians,Road_allignment,Types_of_Junction,Road_surface_type,Road_surface_conditions,Light_conditions,Weather_conditions,Type_of_collision,Number_of_vehicles_involved,Number_of_casualties,Vehicle_movement,Cause_of_accident,Accident_severity,Hour,TimeOfDay,RushHour,IsWeekend,Age_band_of_driver_ord,Driving_experience_ord,Service_year_of_vehicle_ord,Educational_level_ord,Severity_code
Sunday,31-50,Male,Junior high school,Employee,Above 10yr,Lorry (11-40Q),Owner,Unknown,Office areas,One way,Tangent road with flat terrain,Crossing,Asphalt roads,Dry,Daylight,Normal,Collision with animals,2,1,Moving Backward,No distancing,Serious Injury,8,Morning,1,1,2,5,-1,3,1
Thursday,Under 18,Male,Junior high school,Owner,5-10yr,Public (13-45 seats),Owner,Unknown,Office areas,Undivided Two way,Tangent road with flat terrain,Crossing,Asphalt roads,Dry,Darkness - lights lit,Normal,Collision with animals,2,2,Going straight,No priority to pedestrian,Slight Injury,21,Evening,0,0,0,4,-1,3,0
Thursday,Under 18,Male,Elementary school,Employee,2-5yr,Public (13-45 seats),Owner,Unknown,Office areas,Other,Tangent road with flat terrain,Crossing,Asphalt roads,Dry,Darkness - lights lit,Normal,Collision with animals,2,2,Going straight,Moving Backward,Slight Injury,21,Evening,0,0,0,3,-1,2,0
Thursday,31-50,Male,Junior high school,Employee,2-5yr,Unknown,Owner,Above 10yr,Residential areas,Other,Tangent road with flat terrain,Y Shape,Asphalt roads,Dry,Daylight,Unknown,Collision with animals,2,1,Going straight,No priority to pedestrian,Slight Injury,18,Evening,1,0,2,3,4,3,0
Thursday,Under 18,Male,Junior high school,Employee,Below 1yr,Long lorry,Owner,5-10yrs,Residential areas,One way,Tangent road with flat terrain,Y Shape,Asphalt roads,Dry,Daylight,Unknown,Collision with animals,2,1,Going straight,No distancing,Slight Injury,18,Evening,1,0,0,1,3,3,0
Saturday,18-30,Male,Junior high school,Employee,2-5yr,Lorry (41-100Q),Owner,Unknown,Other,One way,Tangent road with flat terrain,Crossing,Asphalt roads,Dry,Darkness - lights lit,Normal,Collision with animals,2,2,Going straight,No priority to pedestrian,Slight Injury,21,Evening,0,1,1,3,-1,3,0
Saturday,18-30,Male,Junior high school,Employee,2-5yr,Lorry (11-40Q),Owner,5-10yrs,Church areas,Undivided Two way,Tangent road with flat terrain,Crossing,Asphalt roads,Dry,Darkness - lights lit,Normal,Collision with animals,2,2,Going straight,Moving Backward,Slight Injury,21,Evening,0,1,1,3,3,3,0
Friday,Over 51,Male,Elementary school,Employee,5-10yr,Lorry (41-100Q),Owner,Unknown,Recreational areas,Other,Tangent road with flat terrain,No junction,Asphalt roads,Wet or damp,Daylight,Raining,Other,2,1,Going straight,Overtaking,Slight Injury,17,Afternoon,1,0,3,4,-1,2,0
Friday,31-50,Male,Junior high school,Employee,Above 10yr,Public (12 seats),Owner,Unknown,Industrial areas,Undivided Two way,Tangent road with flat terrain,No junction,Asphalt roads,Wet or damp,Daylight,Raining,Rollover,2,1,Going straight,Changing lane to the left,Slight Injury,17,Afternoon,1,0,2,5,-1,3,0
Sunday,18-30,Male,Unknown,Unknown,Unknown,Unknown,Unknown,Unknown,Residential areas,Other,Unknown,Y Shape,Asphalt roads with some distress,Wet or damp,Daylight,Normal,Collision with animals,2,1,Going straight,Changing lane to the right,Slight Injury,8,Morning,1,1,1,-1,-1,-1,0
Sunday,Over 51,Male,Junior high school,Employee,2-5yr,Taxi,Owner,Above 10yr,Residential areas,Other,Tangent road with rolling terrain,Y Shape,Asphalt roads,Wet or damp,Daylight,Normal,Rollover,2,1,Going straight,Overtaking,Slight Injury,8,Morning,1,1,3,3,4,3,0
Monday,18-30,Male,Junior high school,Employee,5-10yr,Unknown,Owner,2-5yrs,Office areas,Double carriageway (median),Tangent road with flat terrain,No junction,Asphalt roads,Wet or damp,Daylight,Normal,Collision with animals,2,1,Going straight,Overloading,Slight Injury,13,Afternoon,0,0,1,4,2,3,0
Monday,31-50,Male,Above high school,Employee,2-5yr,Automobile,Owner,2-5yrs,Market areas,Undivided Two way,Tangent road with flat terrain,No junction,Asphalt roads,Wet or damp,Daylight,Normal,Collision with animals,2,1,Going straight,Other,Slight Injury,13,Afternoon,0,0,2,3,2,5,0
Sunday,31-50,Male,Unknown,Unknown,Unknown,Unknown,Unknown,Unknown,Unknown,Other,Tangent road with flat terrain,Y Shape,Asphalt roads,Dry,Daylight,Normal,Vehicle with vehicle collision,2,4,Going straight,No priority to vehicle,Slight Injury,13,Afternoon,0,1,2,-1,-1,-1,0
Sunday,31-50,Male,Unknown,Employee,1-2yr,Lorry (41-100Q),Owner,Unknown,Industrial areas,Other,Tangent road with flat terrain,Y Shape,Asphalt roads,Dry,Daylight,Normal,Fall from vehicles,2,4,Going straight,Changing lane to the right,Slight Injury,13,Afternoon,0,1,2,2,-1,-1,0
Sunday,Under 18,Male,Junior high school,Employee,2-5yr,Automobile,Owner,Unknown,Residential areas,Two-way (divided with solid lines road marking),Tangent road with flat terrain,Y Shape,Asphalt roads,Dry,Daylight,Normal,Collision with roadside-parked vehicles,2,4,Going straight,Moving Backward,Slight Injury,13,Afternoon,0,1,0,3,-1,3,0
Sunday,Under 18,Male,Junior high school,Employee,Above 10yr,Automobile,Governmental,Below 1yr,Residential areas,Undivided Two way,Tangent road with flat terrain,Y Shape,Asphalt roads,Dry,Daylight,Normal,Collision with roadside-parked vehicles,2,4,Going straight,Changing lane to the left,Slight Injury,13,Afternoon,0,1,0,5,0,3,0
Saturday,18-30,Male,Junior high school,Employee,Below 1yr,Lorry (41-100Q),Owner,5-10yrs,Other,Undivided Two way,Tangent road with flat terrain,Unknown,Asphalt roads,Dry,Daylight,Normal,Rollover,1,1,Going straight,No priority to pedestrian,Slight Injury,17,Afternoon,1,1,1,1,3,3,0
Sunday,31-50,Male,Junior high school,Employee,2-5yr,Automobile,Governmental,Unknown,Residential areas,Other,Tangent road with flat terrain,No junction,Asphalt roads,Dry,Daylight,Normal,Collision with animals,1,1,Reversing,No distancing,Slight Injury,16,Afternoon,1,1,2,3,-1,3,0
Tuesday,31-50,Male,Junior high school,Employee,Below 1yr,Automobile,Owner,1-2yr,Rural village areas,Undivided Two way,Gentle horizontal curve,Crossing,Asphalt roads,Dry,Daylight,Normal,Collision with animals,1,1,Going straight,No priority to vehicle,Slight Injury,8,Morning,1,0,2,1,1,3,0
Wednesday,18-30,Male,High school,Employee,5-10yr,Automobile,Owner,2-5yrs,Rural village areas,Undivided Two way,Gentle horizontal curve,Y Shape,Asphalt roads,Dry,Daylight,Normal,Fall from vehicles,2,2,Going straight,No distancing,Slight Injury,18,Evening,1,0,1,4,2,4,0
Wednesday,31-50,Male,Above high school,Employee,1-2yr,Taxi,Owner,Unknown,Office areas,Double carriageway (median),Tangent road with flat terrain,Y Shape,Asphalt roads,Dry,Daylight,Normal,Collision with roadside-parked vehicles,2,2,Going straight,No distancing,Slight Injury,18,Evening,1,0,2,2,-1,5,0
Wednesday,31-50,Male,Junior high school,Employee,Below 1yr,Unknown,Owner,2-5yrs,Residential areas,Undivided Two way,Gentle horizontal curve,Y Shape,Asphalt roads,Dry,Daylight,Normal,Collision with animals,2,2,Unknown,Moving Backward,Slight Injury,18,Evening,1,0,2,1,2,3,0
Friday,Over 51,Male,Unknown,Unknown,Unknown,Unknown,Owner,Unknown,Residential areas,Other,Tangent road with flat terrain,Crossing,Asphalt roads,Dry,Daylight,Normal,Collision with animals,2,1,Going straight,Changing lane to the right,Serious Injury,7,Morning,1,0,3,-1,-1,-1,1
Friday,31-50,Male,High school,Employee,Below 1yr,Automobile,Owner,Unknown,Outside rural areas,Other,Tangent road with flat terrain,Crossing,Asphalt roads,Dry,Daylight,Normal,Collision with pedestrians,2,1,Going straight,No priority to pedestrian,Serious Injury,7,Morning,1,0,2,1,-1,4,1
Thursday,18-30,Male,High school,Employee,Below 1yr,Pick up upto 10Q,Owner,Above 10yr,Residential areas,Other,Tangent road with flat terrain,No junction,Asphalt roads,Dry,Daylight,Normal,Vehicle with vehicle collision,1,1,Going straight,Moving Backward,Serious Injury,17,Afternoon,1,0,1,1,4,4,1
Tuesday,31-50,Male,Unknown,Unknown,Unknown,Unknown,Owner,5-10yrs,Church areas,Other,Tangent road with flat terrain,Crossing,Asphalt roads,Wet or damp,Daylight,Normal,Vehicle with vehicle collision,2,1,Going straight,Getting off the vehicle improperly,Slight Injury,16,Afternoon,1,0,2,-1,3,-1,0
Tuesday,31-50,Male,High school,Employee,2-5yr,Automobile,Owner,Unknown,Office areas,Undivided Two way,Tangent road with flat terrain,Crossing,Asphalt roads,Wet or damp,Daylight,Normal,Collision with pedestrians,2,1,Going straight,Overtaking,Slight Injury,16,Afternoon,1,0,2,3,-1,4,0
Sunday,Unknown,Female,Junior high school,Employee,Above 10yr,Public (12 seats),Owner,Unknown,Office areas,Two-way (divided with broken lines road marking),Tangent road with mountainous terrain and,Crossing,Asphalt roads,Dry,Darkness - lights lit,Normal,Vehicle with vehicle collision,2,1,Going straight,Overloading,Slight Injury,0,Night,0,1,-1,5,-1,3,0
Sunday,Under 18,Male,Junior high school,Employee,Above 10yr,Public (13-45 seats),Governmental,Unknown,Office areas,Two-way (divided with broken lines road marking),Escarpments,Crossing,Gravel roads,Dry,Darkness - lights lit,Normal,Collision with roadside objects,2,1,Unknown,Changing lane to the right,Slight Injury,0,Night,0,1,0,5,-1,3,0
Thursday,18-30,Male,Junior high school,Employee,5-10yr,Lorry (11-40Q),Owner,2-5yrs,Other,Undivided Two way,Tangent road with mountainous terrain and,No junction,Asphalt roads,Dry,Daylight,Normal,Vehicle with vehicle collision,2,1,Moving Backward,Improper parking,Fatal injury,17,Afternoon,1,0,1,4,2,3,2
Thursday,18-30,Male,Junior high school,Employee,1-2yr,Stationwagen,Owner,2-5yrs,Other,Undivided Two way,Tangent road with flat terrain,No junction,Asphalt roads,Dry,Daylight,Normal,Vehicle with vehicle collision,2,1,Going straight,Other,Fatal injury,17,Afternoon,1,0,1,2,2,3,2
Wednesday,18-30,Male,Unknown,Employee,Below 1yr,Ridden horse,Owner,Unknown,Residential areas,Two-way (divided with broken lines road marking),Tangent road with flat terrain,No junction,Asphalt roads,Dry,Daylight,Normal,Vehicle with vehicle collision,2,1,Turnover,Changing lane to the left,Serious Injury,15,Afternoon,0,0,1,1,-1,-1,1
Wednesday,31-50,Male,Junior high school,Employee,Below 1yr,Stationwagen,Owner,Unknown,Other,Two-way (divided with broken lines road marking),Tangent road with flat terrain,No junction,Asphalt roads,Dry,Daylight,Normal,Rollover,2,1,Turnover,Changing lane to the right,Serious Injury,15,Afternoon,0,0,2,1,-1,3,1
Friday,Over 51,Male,High school,Employee,2-5yr,Automobile,Owner,Below 1yr,Other,Undivided Two way,Tangent road with mild grade and flat terrain,Other,Asphalt roads,Dry,Daylight,Normal,Vehicle with vehicle collision,2,1,Reversing,No priority to pedestrian,Slight Injury,8,Morning,1,0,3,3,0,4,0
Friday,31-50,Male,Junior high school,Owner,1-2yr,Automobile,Owner,5-10yrs,Other,Two-way (divided with broken lines road marking),Tangent road with flat terrain,Other,Asphalt roads,Dry,Daylight,Normal,Vehicle with vehicle collision,2,1,Reversing,Overspeed,Slight Injury,8,Morning,1,0,2,2,3,3,0
Thursday,31-50,Unknown,Junior high school,Employee,5-10yr,Other,Governmental,5-10yrs,Other,Undivided Two way,Tangent road with flat terrain,Crossing,Asphalt roads,Dry,Daylight,Normal,Vehicle with vehicle collision,2,1,Reversing,Changing lane to the left,Slight Injury,15,Afternoon,0,0,2,4,3,3,0
Thursday,18-30,Male,Elementary school,Employee,2-5yr,Taxi,Owner,2-5yrs,Other,Double carriageway (median),Tangent road with mild grade and flat terrain,Crossing,Asphalt roads,Dry,Daylight,Normal,Collision with pedestrians,2,1,Moving Backward,No priority to vehicle,Slight Injury,15,Afternoon,0,0,1,3,2,2,0
Thursday,18-30,Female,Elementary school,Owner,5-10yr,Automobile,Owner,Unknown,Other,Two-way (divided with broken lines road marking),Tangent road with flat terrain,Y Shape,Asphalt roads,Dry,Daylight,Normal,Vehicle with vehicle collision,2,1,Going straight,Changing lane to the right,Serious Injury,7,Morning,1,0,1,4,-1,2,1
Thursday,31-50,Male,Junior high school,Employee,Above 10yr,Stationwagen,Owner,2-5yrs,Church areas,Two-way (divided with broken lines road marking),Tangent road with flat terrain,Y Shape,Asphalt roads,Dry,Daylight,Normal,Collision with roadside objects,2,1,Going straight,No distancing,Serious Injury,7,Morning,1,0,2,5,2,3,1
Monday,31-50,Unknown,Junior high school,Employee,5-10yr,Automobile,Owner,5-10yrs,Other,Undivided Two way,Tangent road with flat terrain,Crossing,Asphalt roads,Wet or damp,Daylight,Normal,Vehicle with vehicle collision,2,2,Going straight,No priority to pedestrian,Slight Injury,17,Afternoon,1,0,2,4,3,3,0
Monday,31-50,Male,High school,Employee,5-10yr,Public (12 seats),Organization,2-5yrs,Industrial areas,Two-way (divided with broken lines road marking),Tangent road with flat terrain,Crossing,Asphalt roads,Wet or damp,Daylight,Normal,Rollover,2,2,Going straight,No distancing,Slight Injury,17,Afternoon,1,0,2,4,2,4,0
Thursday,18-30,Male,Junior high school,Employee,5-10yr,Unknown,Owner,Unknown,Residential areas,Double carriageway (median),Tangent road with flat terrain,Y Shape,Asphalt roads,Dry,Daylight,Normal,Vehicle with vehicle collision,2,4,Going straight,No priority to vehicle,Slight Injury,17,Afternoon,1,0,1,4,-1,3,0
Thursday,31-50,Male,Junior high school,Employee,Above 10yr,Automobile,Governmental,Above 10yr,Other,Two-way (divided with broken lines road marking),Tangent road with flat terrain,Y Shape,Asphalt roads,Dry,Daylight,Normal,Vehicle with vehicle collision,2,4,Going straight,Other,Slight Injury,17,Afternoon,1,0,2,5,4,3,0
Thursday,31-50,Male,Junior high school,Unknown,1-2yr,Lorry (41-100Q),Owner,Unknown,Office areas,Two-way (divided with broken lines road marking),Tangent road with flat terrain,Y Shape,Gravel roads,Dry,Daylight,Normal,Vehicle with vehicle collision,2,4,Going straight,Driving carelessly,Slight Injury,17,Afternoon,1,0,2,2,-1,3,0
Thursday,31-50,Male,Junior high school,Employee,2-5yr,Unknown,Owner,Unknown,Industrial areas,Unknown,Tangent road with flat terrain,Y Shape,Asphalt roads,Dry,Daylight,Normal,Vehicle with vehicle collision,2,4,Going straight,Changing lane to the left,Slight Injury,17,Afternoon,1,0,2,3,-1,3,0
Friday,18-30,Male,Junior high school,Employee,1-2yr,Public (> 45 seats),Owner,1-2yr,Industrial areas,Double carriageway (median),Tangent road with flat terrain,Other,Asphalt roads,Dry,Daylight,Normal,Vehicle with vehicle collision,3,3,Going straight,Driving carelessly,Slight Injury,17,Afternoon,1,0,1,2,1,3,0
Friday,Under 18,Male,Unknown,Unknown,Unknown,Unknown,Owner,Unknown,Other,Two-way (divided with broken lines road marking),Tangent road with flat terrain,Other,Asphalt roads,Dry,Daylight,Normal,Collision with roadside objects,3,3,Going straight,Changing lane to the left,Slight Injury,17,Afternoon,1,0,0,-1,-1,-1,0
Friday,18-30,Male,Elementary school,Employee,5-10yr,Public (12 seats),Organization,Above 10yr,Hospital areas,Two-way (divided with broken lines road marking),Tangent road with flat terrain,Other,Asphalt roads,Dry,Daylight,Normal,Vehicle with vehicle collision,3,3,Going straight,No priority to vehicle,Slight Injury,17,Afternoon,1,0,1,4,4,2,0
Sunday,Over 51,Male,Junior high school,Employee,5-10yr,Public (12 seats),Owner,Unknown,Office areas,One way,Tangent road with flat terrain,Crossing,Earth roads,Dry,Daylight,Normal,Vehicle with vehicle collision,2,1,Going straight,No distancing,Slight Injury,11,Morning,0,1,3,4,-1,3,0
Sunday,31-50,Male,Junior high school,Employee,Above 10yr,Automobile,Owner,2-5yrs,Church areas,Undivided Two way,Tangent road with flat terrain,Crossing,Asphalt roads,Dry,Daylight,Normal,Collision with roadside objects,2,1,Going straight,Changing lane to the right,Slight Injury,11,Morning,0,1,2,5,2,3,0
Sunday,Unknown,Female,Junior high school,Employee,2-5yr,Unknown,Organization,5-10yrs,Hospital areas,Undivided Two way,Tangent road with mountainous terrain and,No junction,Asphalt roads,Dry,Darkness - lights lit,Normal,Collision with roadside objects,3,4,Going straight,Changing lane to the right,Slight Injury,22,Evening,0,1,-1,3,3,3,0
Sunday,Over 51,Male,Junior high school,Owner,Above 10yr,Automobile,Owner,Above 10yr,Office areas,Other,Tangent road with flat terrain,No junction,Unknown,Dry,Darkness - lights lit,Normal,Vehicle with vehicle collision,3,4,Going straight,Driving at high speed,Slight Injury,22,Evening,0,1,3,5,4,3,0
Sunday,Over 51,Male,Junior high school,Employee,2-5yr,Lorry (41-100Q),Owner,2-5yrs,Other,Two-way (divided with broken lines road marking),Escarpments,No junction,Gravel roads,Dry,Darkness - lights lit,Normal,Vehicle with vehicle collision,3,4,Going straight,No distancing,Slight Injury,22,Evening,0,1,3,3,2,3,0
Sunday,Under 18,Male,Elementary school,Other,5-10yr,Public (12 seats),Owner,1-2yr,Office areas,Undivided Two way,Tangent road with flat terrain,No junction,Asphalt roads,Dry,Darkness - lights lit,Normal,Vehicle with vehicle collision,3,4,Going straight,Changing lane to the right,Slight Injury,22,Evening,0,1,0,4,1,2,0
Sunday,Under 18,Male,Elementary school,Employee,5-10yr,Lorry (11-40Q),Owner,2-5yrs,Office areas,Two-way (divided with broken lines road marking),Tangent road with mountainous terrain and,No junction,Unknown,Dry,Darkness - lights lit,Normal,Vehicle with vehicle collision,3,4,Going straight,Changing lane to the left,Slight Injury,22,Evening,0,1,0,4,2,2,0
Sunday,31-50,Male,Junior high school,Unknown,5-10yr,Automobile,Owner,Unknown,Other,Double carriageway (median),Steep grade downward with mountainous terrain,No junction,Asphalt roads,Dry,Darkness - lights lit,Normal,Collision with roadside objects,1,1,Going straight,Getting off the vehicle improperly,Serious Injury,3,Night,0,1,2,4,-1,3,1
Monday,18-30,Male,Junior high school,Employee,5-10yr,Automobile,Owner,1-2yr,Office areas,Undivided Two way,Tangent road with mild grade and flat terrain,Y Shape,Earth roads,Dry,Darkness - lights lit,Normal,Vehicle with vehicle collision,2,2,Going straight,Other,Slight Injury,23,Evening,0,0,1,4,1,3,0
Monday,18-30,Male,Elementary school,Employee,Above 10yr,Automobile,Owner,Unknown,Residential areas,Undivided Two way,Tangent road with flat terrain,Y Shape,Asphalt roads,Dry,Darkness - lights lit,Normal,Vehicle with vehicle collision,2,2,Going straight,Other,Slight Injury,23,Evening,0,0,1,5,-1,2,0
Monday,31-50,Unknown,Junior high school,Unknown,Below 1yr,Bajaj,Owner,Unknown,Other,Two-way (divided with broken lines road marking),Tangent road with flat terrain,No junction,Asphalt roads,Wet or damp,Daylight,Raining,Vehicle with vehicle collision,2,2,Turnover,No distancing,Slight Injury,12,Afternoon,0,0,2,1,-1,3,0
Monday,18-30,Male,Junior high school,Employee,5-10yr,Public (12 seats),Owner,2-5yrs,Office areas,Double carriageway (median),Tangent road with flat terrain,No junction,Asphalt roads,Wet or damp,Daylight,Raining,Vehicle with vehicle collision,2,2,Reversing,No priority to vehicle,Slight Injury,12,Afternoon,0,0,1,4,2,3,0
Wednesday,Over 51,Male,Elementary school,Employee,1-2yr,Lorry (11-40Q),Owner,5-10yrs,Office areas,Undivided Two way,Tangent road with mountainous terrain and,Crossing,Asphalt roads,Dry,Daylight,Normal,Vehicle with vehicle collision,2,2,Moving Backward,Overtaking,Slight Injury,11,Morning,0,0,3,2,3,2,0
Wednesday,31-50,Male,Unknown,Unknown,Unknown,Unknown,Unknown,Unknown,Office areas,Other,Tangent road with flat terrain,Crossing,Asphalt roads,Dry,Daylight,Normal,Vehicle with vehicle collision,2,2,Going straight,No priority to pedestrian,Slight Injury,11,Morning,0,0,2,-1,-1,-1,0
Wednesday,31-50,Male,Junior high school,Employee,Above 10yr,Unknown,Owner,5-10yrs,Other,Two-way (divided with broken lines road marking),Tangent road with mild grade and flat terrain,Crossing,Earth roads,Dry,Daylight,Normal,Collision with roadside objects,2,2,Moving Backward,No distancing,Slight Injury,11,Morning,0,0,2,5,3,3,0
Tuesday,31-50,Male,High school,Owner,2-5yr,Automobile,Owner,Unknown,Church areas,Undivided Two way,Tangent road with flat terrain,Crossing,Asphalt roads,Dry,Daylight,Normal,Vehicle with vehicle collision,2,1,Going straight,Changing lane to the right,Slight Injury,13,Afternoon,0,0,2,3,-1,4,0
Tuesday,18-30,Male,Junior high school,Employee,1-2yr,Lorry (11-40Q),Owner,Unknown,Industrial areas,Undivided Two way,Tangent road with flat terrain,Crossing,Asphalt roads,Dry,Daylight,Normal,Collision with pedestrians,2,1,Going straight,Driving carelessly,Slight Injury,13,Afternoon,0,0,1,2,-1,3,0
Monday,18-30,Unknown,Junior high school,Employee,1-2yr,Lorry (41-100Q),Owner,1-2yr,Office areas,Double carriageway (median),Tangent road with flat terrain,Crossing,Asphalt roads,Dry,Daylight,Normal,Collision with roadside objects,2,1,Going straight,Changing lane to the right,Slight Injury,17,Afternoon,1,0,1,2,1,3,0
Monday,31-50,Male,Above high school,Owner,2-5yr,Pick up upto 10Q,Owner,Unknown,Church areas,Undivided Two way,Tangent road with flat terrain,Crossing,Asphalt roads,Dry,Daylight,Normal,Collision with roadside objects,2,1,Going straight,Overtaking,Slight Injury,17,Afternoon,1,0,2,3,-1,5,0
Monday,31-50,Male,Unknown,Unknown,Unknown,Lorry (11-40Q),Owner,Unknown,Office areas,Undivided Two way,Tangent road with flat terrain,No junction,Asphalt roads,Dry,Daylight,Normal,Vehicle with vehicle collision,2,1,Going straight,Other,Serious Injury,8,Morning,1,0,2,-1,-1,-1,1
Monday,31-50,Male,Elementary school,Owner,2-5yr,Stationwagen,Owner,Unknown,Office areas,Other,Tangent road with flat terrain,No junction,Asphalt roads,Dry,Daylight,Normal,Rollover,2,1,Unknown,Driving to the left,Serious Injury,8,Morning,1,0,2,3,-1,2,1
Saturday,31-50,Male,Junior high school,Employee,1-2yr,Other,Owner,Unknown,Residential areas,Two-way (divided with broken lines road marking),Tangent road with flat terrain,Y Shape,Asphalt roads,Dry,Daylight,Normal,Vehicle with vehicle collision,3,2,Going straight,Driving at high speed,Slight Injury,20,Evening,0,1,2,2,-1,3,0
Saturday,18-30,Male,Unknown,Owner,5-10yr,Other,Owner,5-10yrs,Office areas,Two-way (divided with broken lines road marking),Tangent road with flat terrain,Y Shape,Asphalt roads,Dry,Daylight,Normal,Vehicle with vehicle collision,3,2,Unknown,Unknown,Slight Injury,20,Evening,0,1,1,4,3,-1,0
Saturday,18-30,Male,Junior high school,Employee,Below 1yr,Lorry (11-40Q),Owner,5-10yrs,Residential areas,Undivided Two way,Tangent road with flat terrain,Y Shape,Asphalt roads,Dry,Daylight,Normal,Vehicle with vehicle collision,3,2,Going straight,Changing lane to the right,Slight Injury,20,Evening,0,1,1,1,3,3,0
Monday,31-50,Male,Junior high school,Employee,2-5yr,Unknown,Owner,2-5yrs,Office areas,Double carriageway (median),Tangent road with flat terrain,Y Shape,Asphalt roads,Wet or damp,Daylight,Raining,Vehicle with vehicle collision,2,2,Moving Backward,No distancing,Slight Injury,7,Morning,1,0,2,3,2,3,0
Monday,31-50,Male,Junior high school,Employee,5-10yr,Automobile,Owner,2-5yrs,Office areas,Double carriageway (median),Tangent road with flat terrain,Y Shape,Asphalt roads,Wet or damp,Daylight,Raining,Vehicle with vehicle collision,2,2,Going straight,Other,Slight Injury,7,Morning,1,0,2,4,2,3,0
Friday,31-50,Male,Junior high school,Employee,Above 10yr,Lorry (41-100Q),Unknown,Unknown,Other,Two-way (divided with broken lines road marking),Tangent road with flat terrain,No junction,Earth roads,Dry,Daylight,Normal,Vehicle with vehicle collision,2,1,Going straight,No priority to vehicle,Serious Injury,17,Afternoon,1,0,2,5,-1,3,1
Friday,18-30,Male,Elementary school,Employee,2-5yr,Other,Owner,Unknown,Other,Two-way (divided with broken lines road marking),Tangent road with flat terrain,No junction,Asphalt roads,Dry,Daylight,Normal,Vehicle with vehicle collision,2,1,Moving Backward,Changing lane to the left,Serious Injury,17,Afternoon,1,0,1,3,-1,2,1
Friday,18-30,Male,Elementary school,Owner,Above 10yr,Lorry (41-100Q),Owner,Above 10yr,Residential areas,Two-way (divided with broken lines road marking),Tangent road with flat terrain,No junction,Asphalt roads,Dry,Daylight,Normal,Vehicle with vehicle collision,2,2,Going straight,No priority to pedestrian,Slight Injury,7,Morning,1,0,1,5,4,2,0
Friday,31-50,Unknown,Junior high school,Employee,1-2yr,Automobile,Owner,Unknown,Church areas,Two-way (divided with broken lines road marking),Tangent road with flat terrain,No junction,Asphalt roads,Dry,Daylight,Normal,Collision with roadside objects,2,2,Turnover,Overtaking,Slight Injury,7,Morning,1,0,2,2,-1,3,0
Friday,31-50,Male,Junior high school,Employee,5-10yr,Pick up upto 10Q,Governmental,Unknown,Church areas,Double carriageway (median),Tangent road with flat terrain,No junction,Asphalt roads,Dry,Daylight,Normal,Vehicle with vehicle collision,2,2,Going straight,Driving carelessly,Slight Injury,7,Morning,1,0,2,4,-1,3,0
Friday,Unknown,Female,Junior high school,Employee,2-5yr,Lorry (41-100Q),Owner,2-5yrs,Residential areas,Double carriageway (median),Tangent road with flat terrain,No junction,Other,Dry,Darkness - lights lit,Normal,Vehicle with vehicle collision,2,1,Going straight,No priority to vehicle,Slight Injury,23,Evening,0,0,-1,3,2,3,0
Friday,31-50,Male,Junior high school,Employee,2-5yr,Public (13-45 seats),Owner,Unknown,Office areas,Two-way (divided with broken lines road marking),Tangent road with mild grade and flat terrain,No junction,Gravel roads,Dry,Darkness - lights lit,Normal,Vehicle with vehicle collision,2,1,Unknown,No priority to pedestrian,Slight Injury,23,Evening,0,0,2,3,-1,3,0
Thursday,31-50,Male,Junior high school,Employee,2-5yr,Long lorry,Owner,5-10yrs,Office areas,Two-way (divided with broken lines road marking),Tangent road with mild grade and flat terrain,No junction,Gravel roads,Dry,Daylight,Normal,Vehicle with vehicle collision,2,1,Going straight,Changing lane to the right,Slight Injury,9,Morning,1,0,2,3,3,3,0
Thursday,Over 51,Male,Junior high school,Employee,2-5yr,Automobile,Owner,2-5yrs,Residential areas,Two-way (divided with broken lines road marking),Tangent road with flat terrain,No junction,Asphalt roads,Dry,Daylight,Normal,Collision with pedestrians,2,1,Going straight,Moving Backward,Slight Injury,9,Morning,1,0,3,3,2,3,0
Saturday,31-50,Male,Junior high school,Employee,Above 10yr,Automobile,Owner,5-10yrs,Church areas,Other,Tangent road with flat terrain,Y Shape,Asphalt roads,Dry,Daylight,Normal,Vehicle with vehicle collision,1,1,Going straight,Overtaking,Slight Injury,17,Afternoon,1,1,2,5,3,3,0
Tuesday,18-30,Male,Junior high school,Employee,Above 10yr,Other,Owner,Unknown,Other,Two-way (divided with broken lines road marking),Tangent road with flat terrain,Y Shape,Earth roads,Dry,Daylight,Normal,Vehicle with vehicle collision,2,1,Going straight,Changing lane to the left,Slight Injury,17,Afternoon,1,0,1,5,-1,3,0
Tuesday,31-50,Male,Elementary school,Employee,5-10yr,Unknown,Owner,Unknown,Office areas,Two-way (divided with broken lines road marking),Tangent road with flat terrain,Y Shape,Asphalt roads,Dry,Daylight,Normal,Vehicle with vehicle collision,2,1,Reversing,Changing lane to the right,Slight Injury,17,Afternoon,1,0,2,4,-1,2,0
Thursday,18-30,Male,Unknown,Employee,Unknown,Long lorry,Owner,Unknown,Other,Two-way (divided with broken lines road marking),Tangent road with flat terrain,No junction,Asphalt roads,Dry,Daylight,Normal,Vehicle with vehicle collision,2,1,Going straight,Overtaking,Slight Injury,13,Afternoon,0,0,1,-1,-1,-1,0
Thursday,Over 51,Male,Unknown,Employee,2-5yr,Public (12 seats),Owner,Unknown,Other,Two-way (divided with broken lines road marking),Tangent road with flat terrain,No junction,Asphalt roads,Dry,Daylight,Normal,Vehicle with vehicle collision,2,1,Moving Backward,Overloading,Slight Injury,13,Afternoon,0,0,3,3,-1,-1,0