Day_of_week,Age_band_of_driver,Sex_of_driver,Educational_level,Vehicle_driver_relation,Driving_experience,Type_of_vehicle,Owner_of_vehicle,Service_year_of_vehicle,Area_accident_occured,Lanes_or_Medians,Road_allignment,Types_of_Junction,Road_surface_type,Road_surface_conditions,Light_conditions,Weather_conditions,Type_of_collision,Number_of_vehicles_involved,Number_of_casualties,Vehicle_movement,Cause_of_accident,Accident_severity,Hour,TimeOfDay,RushHour,IsWeekend,Age_band_of_driver_ord,Driving_experience_ord,Service_year_of_vehicle_ord,Educational_level_ord,Severity_code
Monday,Unknown,Female,Junior high school,Employee,5-10yr,Stationwagen,Owner,Unknown,Office areas,Undivided Two way,Tangent road with flat terrain,Y Shape,Gravel roads,Dry,Daylight,Normal,Vehicle with vehicle collision,2,1,Going straight,Changing lane to the right,Slight Injury,18,Evening,1,0,-1,4,-1,3,0
Tuesday,31-50,Male,High school,Employee,2-5yr,Unknown,Owner,Unknown,Residential areas,Undivided Two way,Tangent road with flat terrain,No junction,Asphalt roads,Wet or damp,Darkness - lights lit,Cloudy,Vehicle with vehicle collision,1,1,Going straight,Changing lane to the left,Slight Injury,2,Night,0,0,2,3,-1,4,0
Monday,31-50,Male,High school,Owner,2-5yr,Unknown,Owner,Unknown,Other,Two-way (divided with broken lines road marking),Tangent road with flat terrain,Crossing,Unknown,Dry,Daylight,Normal,Vehicle with vehicle collision,1,1,Going straight,Changing lane to the left,Slight Injury,16,Afternoon,1,0,2,3,-1,4,0
Wednesday,Unknown,Male,Junior high school,Employee,Below 1yr,Automobile,Owner,Unknown,Other,Two-way (divided with broken lines road marking),Tangent road with flat terrain,No junction,Asphalt roads,Dry,Daylight,Normal,Collision with roadside objects,1,1,Going straight,Getting off the vehicle improperly,Slight Injury,13,Afternoon,0,0,-1,1,-1,3,0
Tuesday,31-50,Male,Junior high school,Owner,Above 10yr,Stationwagen,Owner,Unknown,Recreational areas,Two-way (divided with broken lines road marking),Tangent road with flat terrain,No junction,Earth roads,Dry,Daylight,Normal,Collision with roadside objects,1,1,Moving Backward,Overtaking,Slight Injury,9,Morning,1,0,2,5,-1,3,0
Tuesday,18-30,Male,Junior high school,Employee,Above 10yr,Automobile,Owner,5-10yrs,Church areas,One way,Tangent road with flat terrain,No junction,Asphalt roads,Dry,Daylight,Normal,Vehicle with vehicle collision,1,1,Going straight,Changing lane to the left,Slight Injury,12,Afternoon,0,0,1,5,3,3,0
Tuesday,31-50,Male,Elementary school,Employee,2-5yr,Other,Owner,Unknown,School areas,Two-way (divided with broken lines road marking),Tangent road with flat terrain,Y Shape,Asphalt roads,Dry,Daylight,Normal,Collision with roadside objects,1,1,Other,Driving under the influence of drugs,Serious Injury,10,Morning,0,0,2,3,-1,2,1
Tuesday,Unknown,Female,Junior high school,Employee,2-5yr,Other,Owner,2-5yrs,Office areas,Undivided Two way,Tangent road with flat terrain,Y Shape,Asphalt roads,Dry,Daylight,Normal,Collision with roadside objects,1,1,Going straight,Driving carelessly,Slight Injury,14,Afternoon,0,0,-1,3,2,3,0
Wednesday,31-50,Male,Unknown,Employee,Above 10yr,Automobile,Owner,1-2yr,Other,Unknown,Tangent road with flat terrain,No junction,Asphalt roads,Dry,Darkness - lights lit,Normal,Vehicle with vehicle collision,2,1,Going straight,Moving Backward,Slight Injury,4,Night,0,0,2,5,1,-1,0
Wednesday,31-50,Male,Elementary school,Employee,5-10yr,Lorry (41-100Q),Owner,5-10yrs,Residential areas,Undivided Two way,Tangent road with flat terrain,No junction,Asphalt roads,Dry,Darkness - lights lit,Normal,Vehicle with vehicle collision,2,1,Going straight,No distancing,Slight Injury,4,Night,0,0,2,4,3,2,0
Wednesday,Unknown,Female,Junior high school,Employee,Below 1yr,Lorry (41-100Q),Owner,Above 10yr,Other,Undivided Two way,Tangent road with flat terrain,Crossing,Earth roads,Dry,Daylight,Normal,Collision with roadside objects,1,1,Going straight,No priority to vehicle,Slight Injury,15,Afternoon,0,0,-1,1,4,3,0
Wednesday,31-50,Male,Elementary school,Employee,Below 1yr,Lorry (41-100Q),Owner,1-2yr,Other,Other,Steep grade downward with mountainous terrain,Y Shape,Asphalt roads,Dry,Daylight,Normal,Vehicle with vehicle collision,2,2,Unknown,Overturning,Slight Injury,15,Afternoon,0,0,2,1,1,2,0
Wednesday,31-50,Male,Junior high school,Employee,Below 1yr,Automobile,Owner,2-5yrs,Office areas,One way,Steep grade downward with mountainous terrain,Y Shape,Asphalt roads,Dry,Daylight,Normal,Vehicle with vehicle collision,2,2,Moving Backward,Changing lane to the left,Slight Injury,15,Afternoon,0,0,2,1,2,3,0
Wednesday,Unknown,Male,Junior high school,Employee,5-10yr,Automobile,Owner,Unknown,Residential areas,Two-way (divided with broken lines road marking),Tangent road with flat terrain,Y Shape,Asphalt roads,Dry,Daylight,Normal,Vehicle with vehicle collision,2,2,Unknown,No distancing,Slight Injury,15,Afternoon,0,0,-1,4,-1,3,0
Thursday,31-50,Male,Junior high school,Owner,5-10yr,Public (13-45 seats),Owner,Unknown,Other,Two-way (divided with broken lines road marking),Tangent road with flat terrain,Crossing,Asphalt roads,Dry,Daylight,Normal,Vehicle with vehicle collision,1,1,Going straight,Moving Backward,Serious Injury,18,Evening,1,0,2,4,-1,3,1
Saturday,Unknown,Male,High school,Owner,5-10yr,Public (13-45 seats),Organization,2-5yrs,Residential areas,Undivided Two way,Tangent road with flat terrain,Crossing,Asphalt roads,Dry,Darkness - lights lit,Normal,Vehicle with vehicle collision,1,1,Going straight,No priority to vehicle,Slight Injury,2,Night,0,1,-1,4,2,4,0
Saturday,Unknown,Female,Junior high school,Employee,5-10yr,Lorry (41-100Q),Owner,Unknown,Church areas,Two-way (divided with broken lines road marking),Tangent road with flat terrain,No junction,Asphalt roads,Dry,Darkness - lights lit,Normal,Vehicle with vehicle collision,1,1,Unknown,No priority to vehicle,Slight Injury,1,Night,0,1,-1,4,-1,3,0
Thursday,31-50,Male,Junior high school,Employee,2-5yr,Lorry (41-100Q),Governmental,Unknown,Residential areas,Two-way (divided with broken lines road marking),Tangent road with flat terrain,No junction,Asphalt roads,Wet or damp,Darkness - lights lit,Normal,Collision with pedestrians,2,1,Going straight,No distancing,Slight Injury,23,Evening,0,0,2,3,-1,3,0
Thursday,Unknown,Male,Elementary school,Employee,5-10yr,Public (12 seats),Owner,Unknown,Office areas,One way,Tangent road with flat terrain,No junction,Asphalt roads,Wet or damp,Darkness - lights lit,Normal,Vehicle with vehicle collision,2,1,Going straight,No distancing,Slight Injury,23,Evening,0,0,-1,4,-1,2,0
Saturday,31-50,Male,Junior high school,Employee,2-5yr,Other,Governmental,Below 1yr,Residential areas,Two-way (divided with broken lines road marking),Tangent road with flat terrain,Y Shape,Asphalt roads,Dry,Darkness - lights lit,Normal,Collision with roadside objects,1,1,Going straight,Overtaking,Slight Injury,3,Night,0,1,2,3,0,3,0
Saturday,31-50,Male,Junior high school,Employee,Below 1yr,Lorry (41-100Q),Owner,Unknown,Other,One way,Tangent road with flat terrain,Crossing,Asphalt roads,Dry,Daylight,Normal,Vehicle with vehicle collision,2,1,Going straight,Driving under the influence of drugs,Slight Injury,11,Morning,0,1,2,1,-1,3,0
Saturday,Over 51,Male,Elementary school,Employee,2-5yr,Automobile,Owner,Unknown,Industrial areas,Two-way (divided with broken lines road marking),Tangent road with flat terrain,Crossing,Asphalt roads,Dry,Daylight,Normal,Vehicle with vehicle collision,2,1,Going straight,Changing lane to the right,Slight Injury,11,Morning,0,1,3,3,-1,2,0
Saturday,18-30,Male,Junior high school,Employee,2-5yr,Other,Owner,Unknown,Church areas,Two-way (divided with broken lines road marking),Tangent road with flat terrain,No junction,Earth roads,Dry,Darkness - lights lit,Normal,Vehicle with vehicle collision,2,1,Going straight,Changing lane to the left,Slight Injury,23,Evening,0,1,1,3,-1,3,0
Saturday,18-30,Male,Junior high school,Employee,2-5yr,Motorcycle,Owner,2-5yrs,Residential areas,Undivided Two way,Steep grade downward with mountainous terrain,No junction,Asphalt roads,Dry,Darkness - lights lit,Normal,Vehicle with vehicle collision,2,1,Going straight,Driving carelessly,Slight Injury,23,Evening,0,1,1,3,2,3,0
Sunday,Unknown,Male,Junior high school,Employee,5-10yr,Automobile,Unknown,Unknown,Unknown,Two-way (divided with broken lines road marking),Tangent road with flat terrain,No junction,Asphalt roads,Dry,Darkness - lights lit,Normal,Vehicle with vehicle collision,1,1,Other,Moving Backward,Slight Injury,2,Night,0,1,-1,4,-1,3,0
Tuesday,Over 51,Male,Junior high school,Employee,5-10yr,Automobile,Unknown,Unknown,Unknown,Two-way (divided with broken lines road marking),Tangent road with flat terrain,Crossing,Asphalt roads,Dry,Daylight,Normal,Vehicle with vehicle collision,2,1,Going straight,Moving Backward,Slight Injury,14,Afternoon,0,0,3,4,-1,3,0
Tuesday,Unknown,Female,Junior high school,Employee,Unknown,Lorry (41-100Q),Owner,1-2yr,Office areas,Undivided Two way,Tangent road with flat terrain,Crossing,Asphalt roads,Dry,Daylight,Normal,Vehicle with vehicle collision,2,1,Going straight,Changing lane to the right,Slight Injury,14,Afternoon,0,0,-1,-1,1,3,0
Thursday,Unknown,Female,Junior high school,Owner,5-10yr,Automobile,Owner,Above 10yr,Outside rural areas,Two-way (divided with broken lines road marking),Tangent road with mountainous terrain and,Y Shape,Other,Dry,Daylight,Normal,Vehicle with vehicle collision,1,1,Going straight,No priority to vehicle,Slight Injury,14,Afternoon,0,0,-1,4,4,3,0
Thursday,31-50,Male,Junior high school,Employee,2-5yr,Public (> 45 seats),Owner,Above 10yr,Church areas,Two-way (divided with broken lines road marking),Steep grade downward with mountainous terrain,No junction,Gravel roads,Dry,Daylight,Normal,Vehicle with vehicle collision,1,1,Going straight,Driving at high speed,Slight Injury,11,Morning,0,0,2,3,4,3,0
Friday,31-50,Male,Junior high school,Employee,Below 1yr,Lorry (41-100Q),Owner,Unknown,Office areas,Other,Tangent road with mountainous terrain and,Y Shape,Gravel roads,Dry,Daylight,Normal,Collision with roadside objects,2,1,Going straight,Driving under the influence of drugs,Slight Injury,11,Morning,0,0,2,1,-1,3,0
Friday,Unknown,Male,Junior high school,Employee,1-2yr,Public (> 45 seats),Owner,Above 10yr,Church areas,Two-way (divided with broken lines road marking),Steep grade downward with mountainous terrain,Y Shape,Asphalt roads,Dry,Daylight,Normal,Vehicle with vehicle collision,2,1,Going straight,Changing lane to the right,Slight Injury,11,Morning,0,0,-1,2,4,3,0
Saturday,31-50,Male,Junior high school,Employee,Below 1yr,Lorry (41-100Q),Unknown,Unknown,Office areas,Other,Tangent road with mountainous terrain and,Y Shape,Asphalt roads,Dry,Darkness - lights lit,Normal,Collision with roadside objects,2,1,Moving Backward,Driving carelessly,Slight Injury,22,Evening,0,1,2,1,-1,3,0
Saturday,Unknown,Male,Junior high school,Employee,Above 10yr,Lorry (41-100Q),Governmental,Unknown,Office areas,Undivided Two way,Tangent road with flat terrain,Y Shape,Earth roads,Dry,Darkness - lights lit,Normal,Vehicle with vehicle collision,2,1,Going straight,No distancing,Slight Injury,22,Evening,0,1,-1,5,-1,3,0
Wednesday,Under 18,Male,Junior high school,Employee,Below 1yr,Lorry (41-100Q),Owner,1-2yr,School areas,Two-way (divided with broken lines road marking),Tangent road with flat terrain,Y Shape,Asphalt roads,Dry,Daylight,Normal,Vehicle with vehicle collision,2,1,Going straight,Changing lane to the left,Slight Injury,15,Afternoon,0,0,0,1,1,3,0
Wednesday,Under 18,Male,Junior high school,Employee,2-5yr,Public (12 seats),Owner,Below 1yr,Residential areas,Two-way (divided with broken lines road marking),Tangent road with flat terrain,Y Shape,Asphalt roads,Dry,Daylight,Normal,Unknown,2,1,Going straight,No distancing,Slight Injury,15,Afternoon,0,0,0,3,0,3,0
Tuesday,31-50,Male,Junior high school,Employee,1-2yr,Public (12 seats),Owner,Unknown,Office areas,Other,Tangent road with mountainous terrain and,Y Shape,Asphalt roads,Dry,Daylight,Normal,Collision with pedestrians,2,1,Going straight,No distancing,Slight Injury,9,Morning,1,0,2,2,-1,3,0
Tuesday,Unknown,Male,Elementary school,Employee,5-10yr,Stationwagen,Owner,Unknown,Other,Other,Tangent road with flat terrain,Y Shape,Asphalt roads,Dry,Daylight,Normal,Vehicle with vehicle collision,2,1,Going straight,Getting off the vehicle improperly,Slight Injury,9,Morning,1,0,-1,4,-1,2,0
Tuesday,31-50,Male,Junior high school,Owner,Below 1yr,Lorry (41-100Q),Owner,Unknown,Other,Two-way (divided with broken lines road marking),Tangent road with flat terrain,Y Shape,Earth roads,Dry,Daylight,Normal,Vehicle with vehicle collision,1,1,Going straight,Overtaking,Slight Injury,18,Evening,1,0,2,1,-1,3,0
Tuesday,31-50,Male,Junior high school,Employee,Below 1yr,Automobile,Owner,Unknown,Residential areas,Undivided Two way,Tangent road with flat terrain,Y Shape,Asphalt roads,Dry,Daylight,Normal,Vehicle with vehicle collision,2,1,Going straight,Driving carelessly,Slight Injury,17,Afternoon,1,0,2,1,-1,3,0
Tuesday,18-30,Male,Writing & reading,Employee,Below 1yr,Pick up upto 10Q,Owner,Unknown,Office areas,Undivided Two way,Tangent road with flat terrain,Y Shape,Asphalt roads,Dry,Daylight,Normal,Collision with pedestrians,2,1,Getting off,Driving under the influence of drugs,Slight Injury,17,Afternoon,1,0,1,1,-1,1,0
Tuesday,18-30,Male,Junior high school,Employee,1-2yr,Automobile,Owner,Unknown,Office areas,Undivided Two way,Tangent road with flat terrain,Y Shape,Asphalt roads,Dry,Daylight,Normal,Collision with roadside objects,1,1,Going straight,Moving Backward,Slight Injury,8,Morning,1,0,1,2,-1,3,0
Wednesday,Unknown,Male,Elementary school,Owner,5-10yr,Public (13-45 seats),Owner,Unknown,Residential areas,Undivided Two way,Tangent road with flat terrain,No junction,Asphalt roads,Dry,Darkness - lights lit,Normal,Unknown,1,1,Going straight,Overturning,Slight Injury,23,Evening,0,0,-1,4,-1,2,0
Thursday,31-50,Male,Junior high school,Employee,2-5yr,Public (> 45 seats),Owner,Unknown,Office areas,Undivided Two way,Tangent road with flat terrain,Y Shape,Asphalt roads,Dry,Daylight,Normal,Vehicle with vehicle collision,2,1,Turnover,Driving under the influence of drugs,Slight Injury,6,Morning,0,0,2,3,-1,3,0
Thursday,Unknown,Male,Junior high school,Owner,Below 1yr,Stationwagen,Owner,Unknown,Office areas,Undivided Two way,Tangent road with flat terrain,Y Shape,Asphalt roads,Dry,Daylight,Normal,Unknown,2,1,Moving Backward,Changing lane to the right,Slight Injury,6,Morning,0,0,-1,1,-1,3,0
Monday,18-30,Male,Writing & reading,Employee,5-10yr,Unknown,Owner,Unknown,Office areas,Unknown,Tangent road with flat terrain,Crossing,Asphalt roads,Dry,Daylight,Normal,Unknown,2,1,Going straight,Changing lane to the left,Slight Injury,11,Morning,0,0,1,4,-1,1,0
Monday,Unknown,Male,Writing & reading,Employee,5-10yr,Lorry (41-100Q),Owner,Unknown,Office areas,Two-way (divided with broken lines road marking),Tangent road with flat terrain,Crossing,Asphalt roads,Dry,Daylight,Normal,Unknown,2,1,Moving Backward,No distancing,Slight Injury,11,Morning,0,0,-1,4,-1,1,0
Tuesday,Unknown,Male,Junior high school,Employee,5-10yr,Stationwagen,Owner,Unknown,Other,Undivided Two way,Tangent road with flat terrain,Y Shape,Asphalt roads,Dry,Daylight,Normal,Vehicle with vehicle collision,1,1,Going straight,No distancing,Slight Injury,9,Morning,1,0,-1,4,-1,3,0
Thursday,31-50,Male,Junior high school,Employee,2-5yr,Lorry (41-100Q),Owner,Unknown,Other,Two-way (divided with broken lines road marking),Tangent road with flat terrain,Y Shape,Asphalt roads,Dry,Daylight,Normal,Vehicle with vehicle collision,2,1,Unknown,No priority to vehicle,Serious Injury,9,Morning,1,0,2,3,-1,3,1
Thursday,18-30,Male,Junior high school,Employee,Above 10yr,Public (12 seats),Owner,2-5yrs,Other,Two-way (divided with broken lines road marking),Tangent road with flat terrain,Y Shape,Earth roads,Dry,Daylight,Normal,Collision with roadside objects,2,1,Going straight,Moving Backward,Serious Injury,9,Morning,1,0,1,5,2,3,1
Friday,31-50,Male,Junior high school,Employee,5-10yr,Lorry (41-100Q),Owner,2-5yrs,Residential areas,One way,Tangent road with flat terrain,Crossing,Asphalt roads,Dry,Daylight,Normal,Collision with roadside objects,2,1,Unknown,Moving Backward,Slight Injury,9,Morning,1,0,2,4,2,3,0
Friday,18-30,Male,Junior high school,Employee,Above 10yr,Other,Owner,2-5yrs,School areas,Undivided Two way,Tangent road with mild grade and flat terrain,Crossing,Asphalt roads,Dry,Daylight,Normal,Vehicle with vehicle collision,2,1,Going straight,Getting off the vehicle improperly,Slight Injury,9,Morning,1,0,1,5,2,3,0
Thursday,Under 18,Male,Junior high school,Employee,2-5yr,Stationwagen,Owner,2-5yrs,Residential areas,Undivided Two way,Tangent road with mild grade and flat terrain,Y Shape,Asphalt roads,Dry,Darkness - lights lit,Normal,Vehicle with vehicle collision,1,1,Unknown,Changing lane to the left,Slight Injury,22,Evening,0,0,0,3,2,3,0
Thursday,18-30,Male,Junior high school,Employee,Below 1yr,Automobile,Owner,2-5yrs,Office areas,Two-way (divided with broken lines road marking),Tangent road with flat terrain,Crossing,Asphalt roads,Dry,Darkness - lights lit,Normal,Vehicle with vehicle collision,2,1,Going straight,Changing lane to the left,Slight Injury,20,Evening,0,0,1,1,2,3,0
Thursday,31-50,Male,Junior high school,Employee,Below 1yr,Public (> 45 seats),Owner,Unknown,Church areas,One way,Tangent road with flat terrain,Crossing,Earth roads,Dry,Darkness - lights lit,Normal,Vehicle with vehicle collision,2,1,Going straight,No priority to vehicle,Slight Injury,20,Evening,0,0,2,1,-1,3,0
Friday,31-50,Male,Junior high school,Owner,5-10yr,Other,Owner,Unknown,Other,Undivided Two way,Tangent road with flat terrain,Crossing,Asphalt roads,Dry,Darkness - lights lit,Normal,Vehicle with vehicle collision,2,1,Going straight,Changing lane to the right,Slight Injury,20,Evening,0,0,2,4,-1,3,0
Friday,31-50,Male,Junior high school,Employee,2-5yr,Lorry (41-100Q),Owner,2-5yrs,Other,One way,Tangent road with flat terrain,Crossing,Asphalt roads,Dry,Darkness - lights lit,Normal,Rollover,2,1,Going straight,Changing lane to the right,Slight Injury,20,Evening,0,0,2,3,2,3,0
Sunday,18-30,Male,Elementary school,Employee,Below 1yr,Automobile,Owner,5-10yrs,Other,Two-way (divided with broken lines road marking),Tangent road with flat terrain,Crossing,Asphalt roads,Dry,Daylight,Normal,Vehicle with vehicle collision,2,1,Going straight,Driving carelessly,Slight Injury,13,Afternoon,0,1,1,1,3,2,0
Sunday,Unknown,Male,Junior high school,Employee,2-5yr,Public (> 45 seats),Owner,Unknown,Other,Two-way (divided with broken lines road marking),Tangent road with flat terrain,Crossing,Asphalt roads,Dry,Daylight,Normal,Collision with roadside objects,2,1,Other,Changing lane to the left,Slight Injury,13,Afternoon,0,1,-1,3,-1,3,0
Saturday,31-50,Male,Junior high school,Employee,5-10yr,Unknown,Owner,Unknown,Office areas,Undivided Two way,Tangent road with flat terrain,Crossing,Asphalt roads,Dry,Darkness - lights lit,Normal,Collision with pedestrians,2,2,Other,Changing lane to the right,Slight Injury,22,Evening,0,1,2,4,-1,3,0
Saturday,31-50,Male,High school,Employee,Above 10yr,Automobile,Owner,Unknown,Office areas,Two-way (divided with solid lines road marking),Tangent road with flat terrain,Crossing,Asphalt roads,Dry,Darkness - lights lit,Normal,Vehicle with vehicle collision,2,2,Going straight,Driving under the influence of drugs,Slight Injury,22,Evening,0,1,2,5,-1,4,0
Saturday,Over 51,Male,High school,Employee,Above 10yr,Pick up upto 10Q,Owner,Unknown,Residential areas,Undivided Two way,Tangent road with flat terrain,Crossing,Asphalt roads,Dry,Darkness - lights lit,Normal,Vehicle with vehicle collision,2,2,Going straight,Driving carelessly,Slight Injury,22,Evening,0,1,3,5,-1,4,0
Sunday,31-50,Male,Junior high school,Employee,5-10yr,Public (12 seats),Owner,Unknown,Office areas,One way,Tangent road with flat terrain,Crossing,Asphalt roads,Dry,Daylight,Normal,Vehicle with vehicle collision,2,2,Getting off,No distancing,Slight Injury,17,Afternoon,1,1,2,4,-1,3,0
Sunday,31-50,Male,Elementary school,Employee,1-2yr,Lorry (41-100Q),Owner,Unknown,Residential areas,Two-way (divided with broken lines road marking),Tangent road with flat terrain,Crossing,Other,Dry,Daylight,Normal,Vehicle with vehicle collision,2,2,Going straight,No priority to vehicle,Slight Injury,17,Afternoon,1,1,2,2,-1,2,0
Friday,18-30,Male,Elementary school,Employee,5-10yr,Lorry (41-100Q),Owner,Unknown,Office areas,Undivided Two way,Tangent road with flat terrain,No junction,Asphalt roads,Dry,Daylight,Normal,Vehicle with vehicle collision,2,1,Going straight,No priority to vehicle,Slight Injury,8,Morning,1,0,1,4,-1,2,0
Friday,Unknown,Male,Junior high school,Employee,5-10yr,Lorry (41-100Q),Owner,Unknown,Other,Two-way (divided with broken lines road marking),Tangent road with flat terrain,No junction,Asphalt roads,Dry,Daylight,Normal,Vehicle with vehicle collision,2,1,Going straight,No priority to vehicle,Slight Injury,8,Morning,1,0,-1,4,-1,3,0
Friday,18-30,Male,Junior high school,Employee,1-2yr,Public (13-45 seats),Owner,Unknown,Office areas,One way,Tangent road with flat terrain,Crossing,Asphalt roads,Dry,Daylight,Normal,Vehicle with vehicle collision,2,1,Going straight,Changing lane to the left,Slight Injury,10,Morning,0,0,1,2,-1,3,0
Friday,Unknown,Male,Junior high school,Owner,5-10yr,Lorry (41-100Q),Owner,Unknown,School areas,Undivided Two way,Tangent road with flat terrain,Crossing,Asphalt roads,Dry,Daylight,Normal,Collision with roadside objects,2,1,Going straight,Moving Backward,Slight Injury,10,Morning,0,0,-1,4,-1,3,0
Saturday,18-30,Male,High school,Owner,Above 10yr,Lorry (41-100Q),Owner,Unknown,Residential areas,One way,Tangent road with flat terrain,Crossing,Asphalt roads,Dry,Daylight,Normal,Rollover,2,1,Getting off,Driving carelessly,Slight Injury,8,Morning,1,1,1,5,-1,4,0
Saturday,Unknown,Male,Unknown,Owner,Below 1yr,Motorcycle,Owner,Unknown,Office areas,Undivided Two way,Tangent road with flat terrain,Crossing,Asphalt roads,Dry,Daylight,Normal,Vehicle with vehicle collision,2,1,Going straight,Driving under the influence of drugs,Slight Injury,8,Morning,1,1,-1,1,-1,-1,0
Thursday,Unknown,Male,Writing & reading,Owner,5-10yr,Lorry (41-100Q),Owner,Unknown,Residential areas,Undivided Two way,Tangent road with flat terrain,Crossing,Asphalt roads,Dry,Daylight,Normal,Collision with pedestrians,1,1,Going straight,Changing lane to the right,Slight Injury,17,Afternoon,1,0,-1,4,-1,1,0
Tuesday,Unknown,Male,Above high school,Employee,Above 10yr,Ridden horse,Owner,Above 10yr,Office areas,Undivided Two way,Tangent road with flat terrain,Other,Earth roads,Dry,Darkness - lights lit,Normal,Vehicle with vehicle collision,1,1,Other,No priority to vehicle,Slight Injury,1,Night,0,0,-1,5,4,5,0
Monday,Over 51,Male,High school,Employee,Below 1yr,Automobile,Owner,Above 10yr,Residential areas,One way,Tangent road with flat terrain,Y Shape,Asphalt roads,Dry,Daylight,Normal,Vehicle with vehicle collision,3,1,Going straight,Changing lane to the right,Slight Injury,15,Afternoon,0,0,3,1,4,4,0
Monday,18-30,Male,Junior high school,Employee,1-2yr,Lorry (41-100Q),Owner,Unknown,Other,Other,Tangent road with flat terrain,Y Shape,Asphalt roads,Dry,Daylight,Normal,Collision with pedestrians,3,1,Going straight,Driving to the left,Slight Injury,15,Afternoon,0,0,1,2,-1,3,0
Monday,31-50,Male,Junior high school,Employee,Above 10yr,Pick up upto 10Q,Other,Unknown,Other,Two-way (divided with broken lines road marking),Tangent road with flat terrain,Y Shape,Asphalt roads,Dry,Daylight,Normal,Collision with pedestrians,3,1,Going straight,Moving Backward,Slight Injury,15,Afternoon,0,0,2,5,-1,3,0
Monday,31-50,Male,Junior high school,Owner,Above 10yr,Public (> 45 seats),Owner,5-10yrs,Office areas,Two-way (divided with broken lines road marking),Tangent road with flat terrain,Crossing,Asphalt roads,Dry,Daylight,Normal,Vehicle with vehicle collision,1,1,Going straight,No priority to vehicle,Slight Injury,11,Morning,0,0,2,5,3,3,0
Monday,Over 51,Male,Junior high school,Employee,Above 10yr,Stationwagen,Owner,Above 10yr,Office areas,Two-way (divided with broken lines road marking),Tangent road with flat terrain,Y Shape,Asphalt roads,Dry,Daylight,Normal,Vehicle with vehicle collision,2,1,Going straight,No distancing,Slight Injury,9,Morning,1,0,3,5,4,3,0
Monday,31-50,Male,Junior high school,Employee,No Licence,Automobile,Owner,2-5yrs,Residential areas,Two-way (divided with broken lines road marking),Tangent road with flat terrain,Y Shape,Asphalt roads,Dry,Daylight,Normal,Vehicle with vehicle collision,2,1,Reversing,Driving carelessly,Slight Injury,9,Morning,1,0,2,0,2,3,0
Tuesday,Unknown,Female,Junior high school,Employee,1-2yr,Public (12 seats),Owner,Unknown,Other,Two-way (divided with broken lines road marking),Tangent road with flat terrain,Y Shape,Asphalt roads,Dry,Daylight,Normal,Vehicle with vehicle collision,1,1,Other,Changing lane to the left,Serious Injury,9,Morning,1,0,-1,2,-1,3,1
Tuesday,Unknown,Female,Illiterate,Owner,1-2yr,Automobile,Governmental,Unknown,Other,Undivided Two way,Tangent road with flat terrain,Y Shape,Asphalt roads,Dry,Darkness - lights lit,Normal,Vehicle with vehicle collision,2,1,Going straight,No priority to vehicle,Slight Injury,20,Evening,0,0,-1,2,-1,0,0
Tuesday,Unknown,Male,Junior high school,Owner,Below 1yr,Automobile,Owner,Unknown,Office areas,Two-way (divided with broken lines road marking),Tangent road with flat terrain,Y Shape,Asphalt roads,Dry,Darkness - lights lit,Normal,Collision with roadside objects,2,1,Going straight,No priority to vehicle,Slight Injury,20,Evening,0,0,-1,1,-1,3,0
Tuesday,31-50,Male,Junior high school,Owner,1-2yr,Automobile,Owner,Unknown,Office areas,Two-way (divided with broken lines road marking),Tangent road with flat terrain,Crossing,Asphalt roads,Dry,Daylight,Normal,Vehicle with vehicle collision,1,1,Going straight,No distancing,Slight Injury,18,Evening,1,0,2,2,-1,3,0
Tuesday,Over 51,Male,Junior high school,Owner,2-5yr,Lorry (41-100Q),Owner,Unknown,Church areas,Undivided Two way,Tangent road with flat terrain,Crossing,Asphalt roads,Dry,Daylight,Normal,Vehicle with vehicle collision,1,1,Going straight,Driving to the left,Slight Injury,14,Afternoon,0,0,3,3,-1,3,0
Tuesday,31-50,Male,Unknown,Owner,5-10yr,Automobile,Governmental,Unknown,Other,One way,Tangent road with flat terrain,No junction,Asphalt roads,Dry,Daylight,Normal,Vehicle with vehicle collision,2,1,Going straight,Driving carelessly,Slight Injury,13,Afternoon,0,0,2,4,-1,-1,0
Tuesday,Unknown,Male,Unknown,Owner,Above 10yr,Automobile,Owner,Unknown,Office areas,Undivided Two way,Tangent road with flat terrain,No junction,Asphalt roads,Dry,Daylight,Normal,Vehicle with vehicle collision,2,1,Going straight,Driving carelessly,Slight Injury,13,Afternoon,0,0,-1,5,-1,-1,0
Tuesday,Unknown,Female,Junior high school,Owner,2-5yr,Public (12 seats),Owner,1-2yr,Office areas,Two-way (divided with broken lines road marking),Tangent road with flat terrain,Y Shape,Asphalt roads,Dry,Daylight,Normal,Vehicle with vehicle collision,2,1,Going straight,Changing lane to the right,Slight Injury,16,Afternoon,1,0,-1,3,1,3,0
Tuesday,31-50,Male,Elementary school,Owner,Above 10yr,Taxi,Owner,Below 1yr,Residential areas,Two-way (divided with broken lines road marking),Tangent road with flat terrain,Y Shape,Asphalt roads,Dry,Daylight,Normal,Vehicle with vehicle collision,2,1,Going straight,Driving carelessly,Slight Injury,16,Afternoon,1,0,2,5,0,2,0