Day_of_week,Age_band_of_driver,Sex_of_driver,Educational_level,Vehicle_driver_relation,Driving_experience,Type_of_vehicle,Owner_of_vehicle,Service_year_of_vehicle,Area_accident_occured,Lanes_or_Medians,Road_allignment,Types_of_Junction,Road_surface_type,Road_surface_conditions,Light_conditions,Weather_conditions,Type_of_collision,Number_of_vehicles_involved,Number_of_casualties,Vehicle_movement,Cause_of_accident,Accident_severity,Hour,TimeOfDay,RushHour,IsWeekend,Age_band_of_driver_ord,Driving_experience_ord,Service_year_of_vehicle_ord,Educational_level_ord,Severity_code
Friday,18-30,Male,Unknown,Employee,Unknown,Stationwagen,Owner,Unknown,Office areas,Undivided Two way,Tangent road with flat terrain,Crossing,Asphalt roads,Dry,Darkness - lights lit,Normal,Collision with roadside objects,2,4,Turnover,No priority to vehicle,Slight Injury,19,Evening,1,0,1,-1,-1,-1,0
Friday,18-30,Male,Unknown,Employee,2-5yr,Other,Owner,Unknown,Office areas,One way,Tangent road with flat terrain,Crossing,Asphalt roads,Dry,Darkness - lights lit,Normal,Vehicle with vehicle collision,2,4,Reversing,Changing lane to the left,Slight Injury,19,Evening,1,0,1,3,-1,-1,0
Friday,18-30,Male,Elementary school,Employee,5-10yr,Lorry (41-100Q),Owner,Unknown,Office areas,Undivided Two way,Tangent road with flat terrain,Crossing,Asphalt roads,Dry,Darkness - lights lit,Normal,Vehicle with vehicle collision,2,4,Moving Backward,Turnover,Slight Injury,19,Evening,1,0,1,4,-1,2,0
Friday,31-50,Male,Junior high school,Employee,5-10yr,Lorry (41-100Q),Owner,Unknown,Other,Undivided Two way,Tangent road with flat terrain,Crossing,Asphalt roads,Wet or damp,Darkness - lights lit,Normal,Vehicle with vehicle collision,2,1,Other,Driving to the left,Slight Injury,18,Evening,1,0,2,4,-1,3,0
Friday,18-30,Male,Junior high school,Employee,Above 10yr,Long lorry,Governmental,Unknown,Other,Double carriageway (median),Tangent road with flat terrain,Crossing,Asphalt roads,Wet or damp,Darkness - lights lit,Normal,Vehicle with vehicle collision,2,1,Going straight,Driving carelessly,Slight Injury,18,Evening,1,0,1,5,-1,3,0
Wednesday,Over 51,Male,Junior high school,Employee,5-10yr,Stationwagen,Owner,Unknown,Office areas,Two-way (divided with solid lines road marking),Tangent road with flat terrain,No junction,Asphalt roads,Dry,Daylight,Normal,Vehicle with vehicle collision,2,1,Going straight,Driving to the left,Serious Injury,11,Morning,0,0,3,4,-1,3,1
Wednesday,31-50,Male,Junior high school,Employee,Above 10yr,Public (12 seats),Owner,Unknown,Residential areas,Other,Tangent road with flat terrain,No junction,Asphalt roads,Dry,Daylight,Normal,Vehicle with vehicle collision,2,1,Going straight,Driving carelessly,Serious Injury,11,Morning,0,0,2,5,-1,3,1
Thursday,18-30,Male,Elementary school,Employee,Below 1yr,Automobile,Governmental,2-5yrs,Recreational areas,Undivided Two way,Tangent road with flat terrain,No junction,Asphalt roads,Dry,Daylight,Normal,Vehicle with vehicle collision,1,1,Going straight,No priority to pedestrian,Slight Injury,17,Afternoon,1,0,1,1,2,2,0
Sunday,Over 51,Male,Elementary school,Employee,5-10yr,Public (12 seats),Owner,1-2yr,Other,Other,Tangent road with flat terrain,No junction,Asphalt roads,Dry,Darkness - lights lit,Raining and Windy,Vehicle with vehicle collision,1,1,Going straight,Driving carelessly,Slight Injury,20,Evening,0,1,3,4,1,2,0
Thursday,Over 51,Male,Elementary school,Employee,1-2yr,Lorry (41-100Q),Owner,Above 10yr,Residential areas,Other,Tangent road with flat terrain,Other,Asphalt roads,Wet or damp,Daylight,Raining,Vehicle with vehicle collision,2,1,Going straight,Changing lane to the right,Slight Injury,12,Afternoon,0,0,3,2,4,2,0
Thursday,18-30,Male,Elementary school,Employee,5-10yr,Automobile,Owner,Unknown,Other,Other,Tangent road with flat terrain,Other,Asphalt roads,Wet or damp,Daylight,Raining,Vehicle with vehicle collision,2,1,Going straight,Moving Backward,Slight Injury,12,Afternoon,0,0,1,4,-1,2,0
Friday,18-30,Male,Elementary school,Employee,5-10yr,Lorry (41-100Q),Owner,Unknown,Other,Other,Tangent road with flat terrain,No junction,Asphalt roads,Wet or damp,Daylight,Normal,Other,1,1,Going straight,Driving carelessly,Slight Injury,8,Morning,1,0,1,4,-1,2,0
Wednesday,18-30,Male,Elementary school,Employee,2-5yr,Lorry (41-100Q),Owner,5-10yrs,Other,One way,Tangent road with flat terrain,Crossing,Asphalt roads,Dry,Daylight,Normal,Vehicle with vehicle collision,3,1,Going straight,Changing lane to the right,Serious Injury,12,Afternoon,0,0,1,3,3,2,1
Wednesday,18-30,Male,Elementary school,Employee,5-10yr,Pick up upto 10Q,Owner,Unknown,Other,Two-way (divided with broken lines road marking),Tangent road with flat terrain,Crossing,Asphalt roads,Dry,Daylight,Normal,Collision with roadside objects,3,1,Other,Driving carelessly,Serious Injury,12,Afternoon,0,0,1,4,-1,2,1
Wednesday,Unknown,Female,Unknown,Unknown,5-10yr,Other,Owner,2-5yrs,Other,Other,Tangent road with flat terrain,Crossing,Asphalt roads,Dry,Daylight,Normal,Vehicle with vehicle collision,3,1,Moving Backward,Driving carelessly,Serious Injury,12,Afternoon,0,0,-1,4,2,-1,1
Sunday,Over 51,Male,Junior high school,Employee,Above 10yr,Automobile,Owner,Unknown,School areas,Undivided Two way,Tangent road with flat terrain,No junction,Asphalt roads,Wet or damp,Daylight,Normal,Vehicle with vehicle collision,1,1,Going straight,Driving carelessly,Slight Injury,12,Afternoon,0,1,3,5,-1,3,0
Thursday,31-50,Male,Junior high school,Employee,Above 10yr,Automobile,Owner,Unknown,Office areas,Two-way (divided with broken lines road marking),Tangent road with flat terrain,No junction,Asphalt roads,Dry,Darkness - lights lit,Normal,Vehicle with vehicle collision,2,1,Moving Backward,Changing lane to the right,Serious Injury,18,Evening,1,0,2,5,-1,3,1
Thursday,31-50,Male,Elementary school,Employee,Below 1yr,Lorry (11-40Q),Owner,Unknown,Office areas,Two-way (divided with broken lines road marking),Tangent road with flat terrain,No junction,Asphalt roads,Dry,Darkness - lights lit,Normal,Vehicle with vehicle collision,2,1,Going straight,Changing lane to the right,Serious Injury,18,Evening,1,0,2,1,-1,2,1
Tuesday,31-50,Male,Elementary school,Employee,5-10yr,Bajaj,Owner,5-10yrs,Office areas,Two-way (divided with broken lines road marking),Tangent road with flat terrain,Crossing,Asphalt roads,Dry,Daylight,Normal,Vehicle with vehicle collision,1,1,Moving Backward,Driving carelessly,Slight Injury,10,Morning,0,0,2,4,3,2,0
Saturday,Over 51,Male,Elementary school,Owner,5-10yr,Automobile,Owner,Unknown,School areas,Unknown,Tangent road with flat terrain,No junction,Asphalt roads,Dry,Daylight,Normal,Vehicle with vehicle collision,2,1,Unknown,Overtaking,Slight Injury,14,Afternoon,0,1,3,4,-1,2,0
Saturday,Under 18,Male,Elementary school,Employee,2-5yr,Lorry (41-100Q),Governmental,Unknown,School areas,Undivided Two way,Tangent road with flat terrain,No junction,Other,Dry,Daylight,Normal,Collision with roadside objects,2,1,Going straight,Changing lane to the right,Slight Injury,14,Afternoon,0,1,0,3,-1,2,0
Friday,Over 51,Male,Elementary school,Employee,Above 10yr,Lorry (11-40Q),Owner,Unknown,Office areas,Two-way (divided with broken lines road marking),Tangent road with flat terrain,Crossing,Unknown,Dry,Daylight,Normal,Collision with roadside objects,3,1,Going straight,No distancing,Slight Injury,10,Morning,0,0,3,5,-1,2,0
Friday,18-30,Male,Elementary school,Employee,2-5yr,Lorry (11-40Q),Owner,Unknown,Office areas,Two-way (divided with broken lines road marking),Tangent road with flat terrain,Crossing,Asphalt roads,Dry,Daylight,Normal,Vehicle with vehicle collision,3,1,Going straight,Other,Slight Injury,10,Morning,0,0,1,3,-1,2,0
Friday,Unknown,Male,Junior high school,Employee,Above 10yr,Automobile,Governmental,Above 10yr,School areas,Two-way (divided with broken lines road marking),Tangent road with flat terrain,Crossing,Asphalt roads,Dry,Daylight,Normal,Collision with roadside objects,3,1,Going straight,Changing lane to the right,Slight Injury,10,Morning,0,0,-1,5,4,3,0
Wednesday,18-30,Male,Junior high school,Employee,Below 1yr,Unknown,Owner,1-2yr,Unknown,Two-way (divided with broken lines road marking),Tangent road with flat terrain,Other,Asphalt roads,Dry,Darkness - lights lit,Unknown,Collision with roadside objects,2,1,Other,Changing lane to the right,Serious Injury,18,Evening,1,0,1,1,1,3,1
Wednesday,Unknown,Female,Junior high school,Employee,2-5yr,Automobile,Owner,Above 10yr,Other,Two-way (divided with broken lines road marking),Tangent road with flat terrain,Other,Asphalt roads,Dry,Darkness - lights lit,Unknown,Vehicle with vehicle collision,2,1,Going straight,Overtaking,Serious Injury,18,Evening,1,0,-1,3,4,3,1
Tuesday,18-30,Male,Elementary school,Employee,5-10yr,Public (13-45 seats),Owner,Below 1yr,Other,Undivided Two way,Tangent road with flat terrain,Y Shape,Asphalt roads,Wet or damp,Darkness - lights lit,Snow,Vehicle with vehicle collision,1,1,Moving Backward,Other,Serious Injury,19,Evening,1,0,1,4,0,2,1
Thursday,Unknown,Male,Elementary school,Employee,5-10yr,Public (12 seats),Owner,Above 10yr,Other,Two-way (divided with broken lines road marking),Tangent road with flat terrain,No junction,Asphalt roads,Dry,Daylight,Normal,Collision with roadside objects,2,3,Moving Backward,Driving to the left,Slight Injury,10,Morning,0,0,-1,4,4,2,0
Thursday,18-30,Male,Elementary school,Employee,1-2yr,Other,Owner,Unknown,Residential areas,Undivided Two way,Tangent road with flat terrain,No junction,Asphalt roads,Dry,Daylight,Normal,Vehicle with vehicle collision,2,3,Moving Backward,Overtaking,Slight Injury,10,Morning,0,0,1,2,-1,2,0
Thursday,18-30,Male,Elementary school,Employee,Unknown,Automobile,Governmental,1-2yr,Other,Undivided Two way,Tangent road with flat terrain,No junction,Asphalt roads,Dry,Daylight,Normal,Vehicle with vehicle collision,2,3,Going straight,No priority to vehicle,Slight Injury,10,Morning,0,0,1,-1,1,2,0
Thursday,18-30,Male,Junior high school,Employee,1-2yr,Automobile,Owner,1-2yr,Other,Undivided Two way,Tangent road with flat terrain,No junction,Asphalt roads,Dry,Daylight,Normal,Vehicle with vehicle collision,2,3,Going straight,Moving Backward,Slight Injury,10,Morning,0,0,1,2,1,3,0
Sunday,Under 18,Male,Unknown,Employee,5-10yr,Public (13-45 seats),Owner,Unknown,Industrial areas,Undivided Two way,Tangent road with flat terrain,No junction,Asphalt roads,Dry,Daylight,Other,Vehicle with vehicle collision,1,1,Going straight,Other,Slight Injury,13,Afternoon,0,1,0,4,-1,-1,0
Monday,31-50,Male,Elementary school,Owner,1-2yr,Public (13-45 seats),Owner,Unknown,Recreational areas,Undivided Two way,Tangent road with flat terrain,Y Shape,Asphalt roads,Wet or damp,Daylight,Raining,Vehicle with vehicle collision,3,5,Going straight,No priority to vehicle,Slight Injury,13,Afternoon,0,0,2,2,-1,2,0
Monday,Under 18,Male,Junior high school,Employee,5-10yr,Automobile,Owner,Above 10yr,Church areas,Two-way (divided with broken lines road marking),Tangent road with flat terrain,Y Shape,Asphalt roads,Wet or damp,Daylight,Raining,Vehicle with vehicle collision,3,5,Other,No priority to pedestrian,Slight Injury,13,Afternoon,0,0,0,4,4,3,0
Monday,Under 18,Male,Junior high school,Employee,2-5yr,Other,Owner,Unknown,Office areas,Two-way (divided with broken lines road marking),Tangent road with flat terrain,Y Shape,Other,Wet or damp,Daylight,Raining,Collision with pedestrians,3,5,Going straight,Changing lane to the right,Slight Injury,13,Afternoon,0,0,0,3,-1,3,0
Monday,Under 18,Male,Junior high school,Employee,2-5yr,Pick up upto 10Q,Owner,Unknown,Other,Two-way (divided with broken lines road marking),Tangent road with flat terrain,Y Shape,Asphalt roads,Wet or damp,Daylight,Raining,Vehicle with vehicle collision,3,5,Going straight,Changing lane to the right,Slight Injury,13,Afternoon,0,0,0,3,-1,3,0
Monday,31-50,Male,Junior high school,Employee,5-10yr,Lorry (41-100Q),Owner,Unknown,Office areas,Undivided Two way,Tangent road with flat terrain,Y Shape,Asphalt roads,Wet or damp,Daylight,Raining,Collision with roadside objects,3,5,Going straight,Changing lane to the right,Slight Injury,13,Afternoon,0,0,2,4,-1,3,0
Friday,Unknown,Male,Junior high school,Owner,Below 1yr,Automobile,Owner,Unknown,Office areas,Two-way (divided with broken lines road marking),Tangent road with flat terrain,No junction,Asphalt roads,Dry,Daylight,Cloudy,Vehicle with vehicle collision,2,1,Reversing,Driving to the left,Slight Injury,15,Afternoon,0,0,-1,1,-1,3,0
Friday,18-30,Male,High school,Employee,Below 1yr,Automobile,Owner,Unknown,Other,Two-way (divided with broken lines road marking),Tangent road with flat terrain,No junction,Asphalt roads,Dry,Daylight,Cloudy,Vehicle with vehicle collision,2,1,Moving Backward,Changing lane to the left,Slight Injury,15,Afternoon,0,0,1,1,-1,4,0
Saturday,31-50,Male,Junior high school,Employee,Unknown,Lorry (41-100Q),Owner,Above 10yr,Residential areas,Undivided Two way,Tangent road with flat terrain,No junction,Asphalt roads,Wet or damp,Darkness - lights lit,Other,Vehicle with vehicle collision,2,2,Going straight,Moving Backward,Slight Injury,17,Afternoon,1,1,2,-1,4,3,0
Saturday,31-50,Male,Junior high school,Employee,Below 1yr,Unknown,Owner,Above 10yr,Office areas,Other,Tangent road with mountainous terrain and,No junction,Asphalt roads,Wet or damp,Darkness - lights lit,Other,Vehicle with vehicle collision,2,2,Going straight,Driving at high speed,Slight Injury,17,Afternoon,1,1,2,1,4,3,0
Saturday,31-50,Male,Junior high school,Employee,2-5yr,Other,Owner,Above 10yr,Residential areas,Other,Tangent road with flat terrain,No junction,Asphalt roads,Wet or damp,Darkness - lights lit,Other,Vehicle with vehicle collision,2,2,Reversing,Moving Backward,Slight Injury,17,Afternoon,1,1,2,3,4,3,0
Wednesday,18-30,Male,Junior high school,Employee,2-5yr,Automobile,Unknown,Unknown,School areas,Two-way (divided with broken lines road marking),Tangent road with flat terrain,Crossing,Asphalt roads,Dry,Darkness - lights lit,Raining,Vehicle with vehicle collision,2,1,Going straight,No distancing,Slight Injury,6,Morning,0,0,1,3,-1,3,0
Wednesday,Over 51,Male,Junior high school,Employee,5-10yr,Automobile,Owner,Above 10yr,Office areas,Two-way (divided with broken lines road marking),Sharp reverse curve,Crossing,Asphalt roads,Dry,Darkness - lights lit,Raining,Vehicle with vehicle collision,2,1,Reversing,Other,Slight Injury,6,Morning,0,0,3,4,4,3,0
Tuesday,Under 18,Male,Elementary school,Employee,5-10yr,Automobile,Owner,5-10yrs,Other,Other,Tangent road with flat terrain,Y Shape,Other,Dry,Darkness - lights lit,Normal,Vehicle with vehicle collision,2,2,Other,No priority to vehicle,Slight Injury,16,Afternoon,1,0,0,4,3,2,0
Tuesday,Under 18,Male,Unknown,Owner,5-10yr,Automobile,Owner,Above 10yr,Other,Undivided Two way,Tangent road with flat terrain,Y Shape,Asphalt roads,Dry,Darkness - lights lit,Normal,Vehicle with vehicle collision,2,2,Unknown,Changing lane to the right,Slight Injury,16,Afternoon,1,0,0,4,4,-1,0
Tuesday,18-30,Male,Junior high school,Employee,5-10yr,Lorry (41-100Q),Owner,Above 10yr,Church areas,Other,Tangent road with flat terrain,Y Shape,Asphalt roads,Dry,Darkness - lights lit,Normal,Collision with roadside objects,2,2,Going straight,Other,Slight Injury,16,Afternoon,1,0,1,4,4,3,0
Tuesday,Unknown,Female,Junior high school,Owner,5-10yr,Other,Owner,Unknown,Office areas,Two-way (divided with broken lines road marking),Tangent road with flat terrain,Crossing,Unknown,Dry,Daylight,Normal,Vehicle with vehicle collision,2,1,Going straight,No distancing,Slight Injury,13,Afternoon,0,0,-1,4,-1,3,0
Tuesday,18-30,Male,Illiterate,Employee,2-5yr,Pick up upto 10Q,Owner,Unknown,Other,Two-way (divided with broken lines road marking),Tangent road with flat terrain,Crossing,Asphalt roads,Dry,Daylight,Normal,Collision with roadside objects,2,1,Going straight,Driving carelessly,Slight Injury,13,Afternoon,0,0,1,3,-1,0,0
Sunday,18-30,Male,Junior high school,Employee,5-10yr,Stationwagen,Owner,Unknown,Office areas,Two-way (divided with broken lines road marking),Tangent road with mild grade and flat terrain,No junction,Asphalt roads,Wet or damp,Darkness - lights lit,Raining,Vehicle with vehicle collision,1,3,Going straight,No distancing,Slight Injury,5,Night,0,1,1,4,-1,3,0
Sunday,18-30,Male,Junior high school,Employee,Below 1yr,Other,Owner,Unknown,Office areas,Two-way (divided with broken lines road marking),Tangent road with flat terrain,No junction,Asphalt roads,Wet or damp,Darkness - lights lit,Raining,Vehicle with vehicle collision,1,3,Going straight,Moving Backward,Slight Injury,5,Night,0,1,1,1,-1,3,0
Sunday,18-30,Male,Junior high school,Employee,1-2yr,Pick up upto 10Q,Owner,Above 10yr,Office areas,Two-way (divided with broken lines road marking),Sharp reverse curve,No junction,Earth roads,Wet or damp,Darkness - lights lit,Raining,Unknown,1,3,Going straight,No distancing,Slight Injury,5,Night,0,1,1,2,4,3,0
Thursday,Unknown,Male,Elementary school,Employee,2-5yr,Stationwagen,Owner,Above 10yr,Church areas,Undivided Two way,Sharp reverse curve,Crossing,Asphalt roads,Wet or damp,Daylight,Normal,Collision with pedestrians,2,1,Going straight,Moving Backward,Slight Injury,16,Afternoon,1,0,-1,3,4,2,0
Thursday,31-50,Male,Elementary school,Employee,2-5yr,Lorry (41-100Q),Owner,Above 10yr,Office areas,Undivided Two way,Gentle horizontal curve,Crossing,Asphalt roads,Wet or damp,Daylight,Normal,Vehicle with vehicle collision,2,1,Going straight,No priority to pedestrian,Slight Injury,16,Afternoon,1,0,2,3,4,2,0
Monday,18-30,Male,Elementary school,Employee,5-10yr,Automobile,Owner,5-10yrs,Other,Double carriageway (median),Gentle horizontal curve,No junction,Asphalt roads,Wet or damp,Daylight,Normal,Vehicle with vehicle collision,1,1,Going straight,Changing lane to the left,Slight Injury,7,Morning,1,0,1,4,3,2,0
Thursday,18-30,Male,Junior high school,Employee,5-10yr,Unknown,Owner,Unknown,Other,Two-way (divided with broken lines road marking),Tangent road with flat terrain,Y Shape,Asphalt roads,Wet or damp,Daylight,Normal,Vehicle with vehicle collision,2,1,Going straight,No distancing,Slight Injury,15,Afternoon,0,0,1,4,-1,3,0
Thursday,Under 18,Male,Unknown,Unknown,Unknown,Automobile,Owner,5-10yrs,Church areas,Unknown,Tangent road with mountainous terrain and,Y Shape,Asphalt roads,Wet or damp,Daylight,Normal,Collision with pedestrians,2,1,Going straight,Other,Slight Injury,15,Afternoon,0,0,0,-1,3,-1,0
Tuesday,18-30,Male,Junior high school,Employee,Above 10yr,Automobile,Owner,1-2yr,School areas,Undivided Two way,Tangent road with flat terrain,Crossing,Asphalt roads,Wet or damp,Darkness - lights lit,Unknown,Collision with roadside objects,2,1,Going straight,No distancing,Slight Injury,7,Morning,1,0,1,5,1,3,0
Tuesday,Under 18,Male,Junior high school,Employee,Above 10yr,Turbo,Unknown,Unknown,Church areas,Two-way (divided with broken lines road marking),Tangent road with flat terrain,Crossing,Asphalt roads,Wet or damp,Darkness - lights lit,Unknown,Unknown,2,1,Going straight,No priority to pedestrian,Slight Injury,7,Morning,1,0,0,5,-1,3,0
Friday,18-30,Male,Junior high school,Owner,Above 10yr,Unknown,Owner,Above 10yr,Office areas,Undivided Two way,Tangent road with flat terrain,No junction,Asphalt roads,Wet or damp,Daylight,Normal,Vehicle with vehicle collision,2,1,Going straight,Moving Backward,Slight Injury,13,Afternoon,0,0,1,5,4,3,0
Friday,31-50,Male,Junior high school,Employee,Unknown,Stationwagen,Owner,2-5yrs,Other,Other,Tangent road with flat terrain,No junction,Asphalt roads,Wet or damp,Daylight,Normal,Unknown,2,1,Going straight,No priority to pedestrian,Slight Injury,13,Afternoon,0,0,2,-1,2,3,0
Thursday,Under 18,Male,Junior high school,Employee,5-10yr,Automobile,Owner,Above 10yr,Church areas,Two-way (divided with broken lines road marking),Steep grade upward with mountainous terrain,No junction,Asphalt roads,Wet or damp,Darkness - lights lit,Cloudy,Unknown,2,2,Moving Backward,No distancing,Slight Injury,17,Afternoon,1,0,0,4,4,3,0
Thursday,18-30,Male,Junior high school,Employee,2-5yr,Automobile,Governmental,1-2yr,Other,Double carriageway (median),Tangent road with flat terrain,No junction,Asphalt roads,Wet or damp,Darkness - lights lit,Cloudy,Unknown,2,2,Going straight,No priority to pedestrian,Slight Injury,17,Afternoon,1,0,1,3,1,3,0
Thursday,18-30,Male,Elementary school,Employee,5-10yr,Automobile,Governmental,Above 10yr,Other,Double carriageway (median),Tangent road with flat terrain,No junction,Asphalt roads,Wet or damp,Darkness - lights lit,Cloudy,Vehicle with vehicle collision,2,2,Going straight,Driving carelessly,Slight Injury,17,Afternoon,1,0,1,4,4,2,0
Monday,Over 51,Male,Junior high school,Employee,2-5yr,Pick up upto 10Q,Organization,5-10yrs,Office areas,Two-way (divided with broken lines road marking),Gentle horizontal curve,No junction,Asphalt roads,Wet or damp,Darkness - lights lit,Other,Vehicle with vehicle collision,2,1,Going straight,Getting off the vehicle improperly,Slight Injury,7,Morning,1,0,3,3,3,3,0
Monday,Under 18,Male,High school,Owner,5-10yr,Lorry (41-100Q),Organization,Above 10yr,Other,Two-way (divided with broken lines road marking),Tangent road with flat terrain,No junction,Asphalt roads,Wet or damp,Darkness - lights lit,Other,Collision with roadside objects,2,1,Unknown,Driving carelessly,Slight Injury,7,Morning,1,0,0,4,4,4,0
Friday,31-50,Male,Junior high school,Employee,Above 10yr,Lorry (41-100Q),Owner,2-5yrs,Other,Two-way (divided with broken lines road marking),Tangent road with flat terrain,No junction,Asphalt roads,Wet or damp,Darkness - lights lit,Other,Collision with roadside objects,1,1,Turnover,Changing lane to the left,Slight Injury,18,Evening,1,0,2,5,2,3,0
Friday,Unknown,Male,Junior high school,Employee,2-5yr,Automobile,Governmental,Unknown,Residential areas,Two-way (divided with broken lines road marking),Tangent road with flat terrain,No junction,Asphalt roads,Dry,Darkness - lights lit,Normal,Vehicle with vehicle collision,2,1,Going straight,No priority to vehicle,Slight Injury,17,Afternoon,1,0,-1,3,-1,3,0
Friday,18-30,Male,Elementary school,Employee,2-5yr,Lorry (41-100Q),Owner,Above 10yr,Residential areas,Unknown,Tangent road with flat terrain,No junction,Asphalt roads,Dry,Darkness - lights lit,Normal,Vehicle with vehicle collision,2,1,Going straight,Changing lane to the right,Slight Injury,17,Afternoon,1,0,1,3,4,2,0
Saturday,Unknown,Male,High school,Owner,Above 10yr,Lorry (41-100Q),Owner,5-10yrs,Office areas,Undivided Two way,Tangent road with flat terrain,No junction,Earth roads,Wet or damp,Daylight,Raining,Vehicle with vehicle collision,2,1,Going straight,Changing lane to the right,Slight Injury,12,Afternoon,0,1,-1,5,3,4,0
Saturday,18-30,Male,Elementary school,Employee,1-2yr,Lorry (41-100Q),Owner,Unknown,Recreational areas,Other,Unknown,No junction,Asphalt roads,Wet or damp,Daylight,Raining,Vehicle with vehicle collision,2,1,Going straight,No distancing,Slight Injury,12,Afternoon,0,1,1,2,-1,2,0
Monday,Over 51,Male,Junior high school,Employee,Above 10yr,Lorry (41-100Q),Governmental,Unknown,Office areas,Other,Tangent road with mild grade and flat terrain,No junction,Asphalt roads,Wet or damp,Daylight,Raining,Vehicle with vehicle collision,2,2,Going straight,No distancing,Slight Injury,11,Morning,0,0,3,5,-1,3,0
Monday,Over 51,Male,Unknown,Unknown,Unknown,Automobile,Owner,5-10yrs,Industrial areas,Other,Tangent road with flat terrain,No junction,Asphalt roads,Wet or damp,Daylight,Raining,Rollover,2,2,Going straight,Changing lane to the left,Slight Injury,11,Morning,0,0,3,-1,3,-1,0
Monday,Unknown,Male,Junior high school,Owner,5-10yr,Automobile,Unknown,Unknown,Unknown,Unknown,Unknown,No junction,Asphalt roads,Wet or damp,Daylight,Raining,Vehicle with vehicle collision,2,2,Going straight,Changing lane to the right,Slight Injury,11,Morning,0,0,-1,4,-1,3,0
Friday,Under 18,Male,Above high school,Employee,5-10yr,Automobile,Owner,Unknown,Residential areas,Undivided Two way,Tangent road with flat terrain,Y Shape,Asphalt roads,Dry,Daylight,Normal,Collision with roadside objects,2,1,Going straight,No priority to vehicle,Slight Injury,8,Morning,1,0,0,4,-1,5,0
Friday,31-50,Male,Junior high school,Employee,5-10yr,Public (13-45 seats),Governmental,Above 10yr,Residential areas,Other,Tangent road with flat terrain,Y Shape,Asphalt roads,Dry,Daylight,Normal,Collision with pedestrians,2,1,Going straight,Changing lane to the left,Slight Injury,8,Morning,1,0,2,4,4,3,0
Wednesday,18-30,Male,Junior high school,Employee,Above 10yr,Automobile,Owner,1-2yr,Industrial areas,Other,Tangent road with flat terrain,Y Shape,Asphalt roads,Dry,Darkness - lights lit,Unknown,Vehicle with vehicle collision,2,1,Turnover,No priority to vehicle,Slight Injury,18,Evening,1,0,1,5,1,3,0
Wednesday,Unknown,Male,Junior high school,Employee,1-2yr,Public (13-45 seats),Owner,2-5yrs,Residential areas,Undivided Two way,Tangent road with flat terrain,Y Shape,Asphalt roads,Dry,Darkness - lights lit,Unknown,Vehicle with vehicle collision,2,1,Unknown,Moving Backward,Slight Injury,18,Evening,1,0,-1,2,2,3,0
Wednesday,18-30,Male,Junior high school,Employee,2-5yr,Public (13-45 seats),Owner,Unknown,Residential areas,Other,Tangent road with flat terrain,No junction,Asphalt roads,Dry,Daylight,Other,Vehicle with vehicle collision,1,1,Reversing,Turnover,Slight Injury,8,Morning,1,0,1,3,-1,3,0
Monday,31-50,Male,Junior high school,Employee,Below 1yr,Automobile,Owner,Unknown,Office areas,Undivided Two way,Tangent road with flat terrain,No junction,Asphalt roads,Dry,Daylight,Normal,Vehicle with vehicle collision,1,1,Other,No distancing,Serious Injury,15,Afternoon,0,0,2,1,-1,3,1
Wednesday,18-30,Male,Junior high school,Employee,Above 10yr,Lorry (11-40Q),Owner,2-5yrs,Office areas,Double carriageway (median),Escarpments,No junction,Earth roads,Dry,Darkness - lights lit,Normal,Vehicle with vehicle collision,2,1,Going straight,No distancing,Slight Injury,17,Afternoon,1,0,1,5,2,3,0
Wednesday,31-50,Male,Junior high school,Employee,1-2yr,Automobile,Owner,Above 10yr,Office areas,Other,Tangent road with flat terrain,No junction,Asphalt roads,Dry,Darkness - lights lit,Normal,Vehicle with vehicle collision,2,1,Going straight,No distancing,Slight Injury,17,Afternoon,1,0,2,2,4,3,0
Sunday,31-50,Male,Above high school,Employee,5-10yr,Lorry (41-100Q),Owner,1-2yr,Office areas,Undivided Two way,Escarpments,Other,Asphalt roads,Dry,Daylight,Normal,Vehicle with vehicle collision,2,1,Turnover,Changing lane to the left,Slight Injury,13,Afternoon,0,1,2,4,1,5,0
Sunday,Unknown,Male,Junior high school,Employee,5-10yr,Other,Owner,Unknown,Office areas,One way,Tangent road with flat terrain,Other,Asphalt roads,Dry,Daylight,Normal,Collision with roadside objects,2,1,Other,No priority to vehicle,Slight Injury,13,Afternoon,0,1,-1,4,-1,3,0
Sunday,Over 51,Male,Elementary school,Owner,Below 1yr,Pick up upto 10Q,Owner,Unknown,Office areas,Undivided Two way,Tangent road with flat terrain,No junction,Asphalt roads,Dry,Daylight,Normal,Rollover,2,1,Going straight,Driving at high speed,Serious Injury,11,Morning,0,1,3,1,-1,2,1
Sunday,31-50,Male,Unknown,Unknown,Unknown,Lorry (11-40Q),Owner,Unknown,Office areas,Other,Tangent road with flat terrain,No junction,Asphalt roads,Dry,Daylight,Normal,Vehicle with vehicle collision,2,1,Going straight,Overtaking,Serious Injury,11,Morning,0,1,2,-1,-1,-1,1
Tuesday,18-30,Male,Junior high school,Employee,Above 10yr,Motorcycle,Owner,Above 10yr,Residential areas,Other,Tangent road with flat terrain,No junction,Asphalt roads,Dry,Darkness - lights lit,Normal,Collision with pedestrians,1,1,Other,Other,Slight Injury,17,Afternoon,1,0,1,5,4,3,0