Day_of_week,Age_band_of_driver,Sex_of_driver,Educational_level,Vehicle_driver_relation,Driving_experience,Type_of_vehicle,Owner_of_vehicle,Service_year_of_vehicle,Area_accident_occured,Lanes_or_Medians,Road_allignment,Types_of_Junction,Road_surface_type,Road_surface_conditions,Light_conditions,Weather_conditions,Type_of_collision,Number_of_vehicles_involved,Number_of_casualties,Vehicle_movement,Cause_of_accident,Accident_severity,Hour,TimeOfDay,RushHour,IsWeekend,Age_band_of_driver_ord,Driving_experience_ord,Service_year_of_vehicle_ord,Educational_level_ord,Severity_code
Thursday,31-50,Male,Junior high school,Employee,2-5yr,Pick up upto 10Q,Organization,Unknown,Other,Other,Tangent road with flat terrain,Y Shape,Asphalt roads,Dry,Daylight,Normal,Vehicle with vehicle collision,2,1,Going straight,Driving carelessly,Slight Injury,14,Afternoon,0,0,2,3,-1,3,0
Thursday,18-30,Male,Junior high school,Employee,2-5yr,Lorry (41-100Q),Governmental,2-5yrs,Other,Other,Tangent road with flat terrain,No junction,Asphalt roads,Dry,Daylight,Normal,Vehicle with vehicle collision,2,1,Going straight,Changing lane to the left,Slight Injury,17,Afternoon,1,0,1,3,2,3,0
Thursday,31-50,Male,Junior high school,Employee,Above 10yr,Automobile,Owner,Unknown,Other,Undivided Two way,Tangent road with flat terrain,No junction,Asphalt roads,Dry,Daylight,Normal,Vehicle with vehicle collision,2,1,Reversing,No priority to vehicle,Slight Injury,17,Afternoon,1,0,2,5,-1,3,0
Friday,Under 18,Male,Junior high school,Employee,Above 10yr,Automobile,Owner,Above 10yr,Other,Other,Tangent road with flat terrain,Y Shape,Asphalt roads,Wet or damp,Daylight,Raining,Vehicle with vehicle collision,2,1,Moving Backward,No distancing,Slight Injury,7,Morning,1,0,0,5,4,3,0
Friday,18-30,Male,Elementary school,Employee,5-10yr,Lorry (41-100Q),Unknown,Unknown,Residential areas,Undivided Two way,Tangent road with flat terrain,Y Shape,Asphalt roads,Wet or damp,Daylight,Raining,Collision with roadside objects,2,1,Going straight,Changing lane to the right,Slight Injury,7,Morning,1,0,1,4,-1,2,0
Wednesday,Unknown,Female,Unknown,Employee,Unknown,Unknown,Owner,2-5yrs,Church areas,Undivided Two way,Tangent road with flat terrain,Y Shape,Asphalt roads,Wet or damp,Darkness - lights lit,Raining,Vehicle with vehicle collision,2,1,Going straight,Changing lane to the right,Slight Injury,4,Night,0,0,-1,-1,2,-1,0
Wednesday,18-30,Male,Unknown,Employee,2-5yr,Other,Owner,2-5yrs,Office areas,Double carriageway (median),Tangent road with flat terrain,Y Shape,Asphalt roads,Wet or damp,Darkness - lights lit,Raining,Vehicle with vehicle collision,2,1,Reversing,Driving at high speed,Slight Injury,4,Night,0,0,1,3,2,-1,0
Saturday,18-30,Male,Elementary school,Employee,5-10yr,Automobile,Owner,2-5yrs,Church areas,Other,Tangent road with flat terrain,Crossing,Asphalt roads,Wet or damp,Daylight,Raining,Vehicle with vehicle collision,2,1,Going straight,No distancing,Slight Injury,10,Morning,0,1,1,4,2,2,0
Saturday,31-50,Male,Junior high school,Employee,5-10yr,Automobile,Owner,2-5yrs,Other,Two-way (divided with broken lines road marking),Tangent road with flat terrain,Crossing,Asphalt roads,Wet or damp,Daylight,Raining,Vehicle with vehicle collision,2,1,Reversing,Changing lane to the right,Slight Injury,10,Morning,0,1,2,4,2,3,0
Friday,18-30,Male,Junior high school,Employee,Above 10yr,Automobile,Owner,Above 10yr,Residential areas,Unknown,Tangent road with flat terrain,No junction,Other,Wet or damp,Darkness - lights lit,Raining,Collision with pedestrians,2,1,Other,Changing lane to the left,Slight Injury,17,Afternoon,1,0,1,5,4,3,0
Friday,Over 51,Male,Junior high school,Employee,5-10yr,Automobile,Owner,5-10yrs,Office areas,Undivided Two way,Tangent road with flat terrain,No junction,Asphalt roads,Wet or damp,Darkness - lights lit,Raining,Vehicle with vehicle collision,2,1,Unknown,Getting off the vehicle improperly,Slight Injury,17,Afternoon,1,0,3,4,3,3,0
Friday,18-30,Male,Junior high school,Employee,Above 10yr,Lorry (41-100Q),Owner,Unknown,Recreational areas,Other,Unknown,Y Shape,Asphalt roads,Wet or damp,Daylight,Raining,Vehicle with vehicle collision,3,1,Going straight,Other,Slight Injury,13,Afternoon,0,0,1,5,-1,3,0
Friday,Over 51,Male,Elementary school,Employee,Below 1yr,Other,Governmental,Unknown,Office areas,Other,Tangent road with mild grade and flat terrain,Y Shape,Unknown,Wet or damp,Daylight,Raining,Vehicle with vehicle collision,3,1,Going straight,Other,Slight Injury,13,Afternoon,0,0,3,1,-1,2,0
Friday,18-30,Male,Elementary school,Employee,5-10yr,Pick up upto 10Q,Owner,5-10yrs,Industrial areas,Other,Tangent road with flat terrain,Y Shape,Asphalt roads,Wet or damp,Daylight,Raining,Vehicle with vehicle collision,3,1,Going straight,No distancing,Slight Injury,13,Afternoon,0,0,1,4,3,2,0
Wednesday,18-30,Male,Elementary school,Employee,1-2yr,Stationwagen,Unknown,Unknown,Unknown,Unknown,Unknown,Crossing,Asphalt roads,Dry,Darkness - lights lit,Normal,Vehicle with vehicle collision,2,1,Going straight,No priority to vehicle,Slight Injury,1,Night,0,0,1,2,-1,2,0
Wednesday,31-50,Male,Elementary school,Employee,5-10yr,Other,Owner,Unknown,Residential areas,Undivided Two way,Tangent road with flat terrain,Crossing,Asphalt roads,Dry,Darkness - lights lit,Normal,Vehicle with vehicle collision,2,1,Going straight,Overtaking,Slight Injury,1,Night,0,0,2,4,-1,2,0
Wednesday,Over 51,Male,Elementary school,Employee,5-10yr,Pick up upto 10Q,Governmental,Above 10yr,Residential areas,Other,Tangent road with flat terrain,No junction,Earth roads,Dry,Darkness - lights lit,Normal,Collision with roadside objects,1,1,Going straight,No priority to pedestrian,Slight Injury,17,Afternoon,1,0,3,4,4,2,0
Wednesday,18-30,Male,Elementary school,Employee,2-5yr,Stationwagen,Owner,1-2yr,Industrial areas,Other,Tangent road with flat terrain,Y Shape,Asphalt roads,Wet or damp,Darkness - lights lit,Normal,Vehicle with vehicle collision,2,1,Going straight,No distancing,Slight Injury,19,Evening,1,0,1,3,1,2,0
Wednesday,18-30,Male,Elementary school,Employee,5-10yr,Lorry (41-100Q),Owner,2-5yrs,Residential areas,Undivided Two way,Tangent road with flat terrain,Y Shape,Asphalt roads,Wet or damp,Darkness - lights lit,Normal,Vehicle with vehicle collision,2,1,Going straight,Changing lane to the right,Slight Injury,19,Evening,1,0,1,4,2,2,0
Sunday,18-30,Male,Unknown,Unknown,5-10yr,Automobile,Owner,Unknown,Residential areas,Other,Tangent road with flat terrain,Y Shape,Asphalt roads,Wet or damp,Daylight,Normal,Vehicle with vehicle collision,2,1,Going straight,Driving carelessly,Slight Injury,11,Morning,0,1,1,4,-1,-1,0
Sunday,18-30,Male,Junior high school,Employee,Above 10yr,Unknown,Owner,Unknown,Office areas,Undivided Two way,Tangent road with flat terrain,Y Shape,Asphalt roads,Wet or damp,Daylight,Normal,Vehicle with vehicle collision,2,1,Going straight,Changing lane to the right,Slight Injury,11,Morning,0,1,1,5,-1,3,0
Wednesday,Under 18,Unknown,Junior high school,Employee,Above 10yr,Automobile,Owner,2-5yrs,Office areas,Double carriageway (median),Escarpments,Crossing,Asphalt roads,Wet or damp,Darkness - lights lit,Normal,Vehicle with vehicle collision,2,2,Going straight,Overtaking,Slight Injury,20,Evening,0,0,0,5,2,3,0
Wednesday,31-50,Male,Elementary school,Employee,Below 1yr,Automobile,Owner,Above 10yr,Office areas,Other,Tangent road with flat terrain,Crossing,Asphalt roads,Wet or damp,Darkness - lights lit,Normal,Vehicle with vehicle collision,2,2,Going straight,Other,Slight Injury,20,Evening,0,0,2,1,4,2,0
Wednesday,Unknown,Female,Elementary school,Employee,5-10yr,Turbo,Owner,1-2yr,Office areas,Undivided Two way,Escarpments,Y Shape,Asphalt roads,Dry,Darkness - lights lit,Cloudy,Vehicle with vehicle collision,2,1,Going straight,Driving to the left,Serious Injury,18,Evening,1,0,-1,4,1,2,1
Wednesday,Over 51,Male,Elementary school,Owner,5-10yr,Unknown,Owner,Unknown,Office areas,One way,Tangent road with flat terrain,Y Shape,Asphalt roads,Dry,Darkness - lights lit,Cloudy,Vehicle with vehicle collision,2,1,Going straight,Driving at high speed,Serious Injury,18,Evening,1,0,3,4,-1,2,1
Saturday,18-30,Male,Elementary school,Employee,2-5yr,Stationwagen,Owner,Unknown,Office areas,Undivided Two way,Tangent road with flat terrain,Y Shape,Asphalt roads,Dry,Daylight,Normal,Rollover,3,2,Going straight,Unknown,Slight Injury,11,Morning,0,1,1,3,-1,2,0
Saturday,Over 51,Male,Elementary school,Employee,Above 10yr,Automobile,Owner,Unknown,Office areas,Other,Tangent road with flat terrain,Y Shape,Asphalt roads,Dry,Daylight,Normal,Vehicle with vehicle collision,3,2,Moving Backward,Changing lane to the right,Slight Injury,11,Morning,0,1,3,5,-1,2,0
Saturday,Over 51,Male,Elementary school,Employee,2-5yr,Automobile,Owner,Above 10yr,Residential areas,Other,Tangent road with flat terrain,Y Shape,Asphalt roads,Dry,Daylight,Normal,Vehicle with vehicle collision,3,2,Going straight,No distancing,Slight Injury,11,Morning,0,1,3,3,4,2,0
Saturday,18-30,Male,Junior high school,Employee,Above 10yr,Automobile,Owner,5-10yrs,Residential areas,One way,Tangent road with flat terrain,Y Shape,Asphalt roads,Dry,Daylight,Normal,Vehicle with vehicle collision,3,2,Going straight,Other,Slight Injury,11,Morning,0,1,1,5,3,3,0
Wednesday,Unknown,Female,Junior high school,Employee,Below 1yr,Pick up upto 10Q,Owner,Unknown,Other,One way,Tangent road with flat terrain,No junction,Asphalt roads,Wet or damp,Darkness - lights lit,Normal,Collision with roadside objects,1,1,Going straight,No priority to vehicle,Serious Injury,17,Afternoon,1,0,-1,1,-1,3,1
Wednesday,31-50,Male,Junior high school,Employee,2-5yr,Lorry (41-100Q),Owner,5-10yrs,Church areas,Undivided Two way,Tangent road with flat terrain,Crossing,Asphalt roads,Wet or damp,Daylight,Raining,Vehicle with vehicle collision,2,1,Unknown,Changing lane to the left,Slight Injury,7,Morning,1,0,2,3,3,3,0
Wednesday,31-50,Male,Elementary school,Employee,5-10yr,Lorry (41-100Q),Owner,Unknown,Recreational areas,Other,Tangent road with flat terrain,Crossing,Asphalt roads,Wet or damp,Daylight,Raining,Vehicle with vehicle collision,2,1,Turnover,No priority to pedestrian,Slight Injury,7,Morning,1,0,2,4,-1,2,0
Wednesday,31-50,Male,Elementary school,Employee,5-10yr,Automobile,Owner,Unknown,Industrial areas,Undivided Two way,Tangent road with flat terrain,Crossing,Asphalt roads,Wet or damp,Darkness - lights lit,Raining,Vehicle with vehicle collision,2,1,Going straight,Overtaking,Slight Injury,18,Evening,1,0,2,4,-1,2,0
Wednesday,31-50,Male,Elementary school,Employee,1-2yr,Lorry (41-100Q),Unknown,Unknown,Residential areas,Other,Unknown,Crossing,Asphalt roads,Wet or damp,Darkness - lights lit,Raining,Collision with roadside objects,2,1,Going straight,Driving carelessly,Slight Injury,18,Evening,1,0,2,2,-1,2,0
Sunday,31-50,Male,Elementary school,Employee,Unknown,Lorry (41-100Q),Owner,Above 10yr,Residential areas,Other,Tangent road with rolling terrain,Y Shape,Earth roads,Dry,Daylight,Normal,Vehicle with vehicle collision,2,1,Going straight,No priority to vehicle,Slight Injury,13,Afternoon,0,1,2,-1,4,2,0
Sunday,Over 51,Male,Junior high school,Employee,1-2yr,Lorry (41-100Q),Owner,2-5yrs,Office areas,Double carriageway (median),Tangent road with flat terrain,Y Shape,Asphalt roads,Dry,Daylight,Normal,Vehicle with vehicle collision,2,1,Going straight,No priority to pedestrian,Slight Injury,13,Afternoon,0,1,3,2,2,3,0
Tuesday,31-50,Male,Unknown,Employee,5-10yr,Lorry (41-100Q),Owner,2-5yrs,Market areas,Undivided Two way,Tangent road with flat terrain,Y Shape,Asphalt roads,Wet or damp,Darkness - lights lit,Raining,Vehicle with vehicle collision,1,1,Going straight,Changing lane to the right,Slight Injury,16,Afternoon,1,0,2,4,2,-1,0
Wednesday,31-50,Male,Elementary school,Owner,1-2yr,Automobile,Unknown,Unknown,Unknown,Other,Tangent road with flat terrain,Y Shape,Asphalt roads,Wet or damp,Daylight,Raining,Vehicle with vehicle collision,1,1,Going straight,Driving carelessly,Slight Injury,8,Morning,1,0,2,2,-1,2,0
Wednesday,31-50,Female,Junior high school,Employee,5-10yr,Automobile,Owner,Unknown,Industrial areas,Other,Tangent road with flat terrain,Y Shape,Asphalt roads,Wet or damp,Darkness - lights lit,Raining,Collision with roadside objects,2,1,Going straight,Changing lane to the right,Serious Injury,16,Afternoon,1,0,2,4,-1,3,1
Wednesday,18-30,Male,Junior high school,Employee,2-5yr,Automobile,Owner,Unknown,Residential areas,Two-way (divided with solid lines road marking),Tangent road with flat terrain,Y Shape,Asphalt roads,Wet or damp,Darkness - lights lit,Raining,Vehicle with vehicle collision,2,1,Going straight,Changing lane to the right,Serious Injury,16,Afternoon,1,0,1,3,-1,3,1
Saturday,31-50,Male,Junior high school,Employee,2-5yr,Public (13-45 seats),Governmental,Below 1yr,Residential areas,Undivided Two way,Tangent road with flat terrain,No junction,Asphalt roads,Wet or damp,Darkness - lights lit,Windy,Vehicle with vehicle collision,1,1,Going straight,Changing lane to the left,Serious Injury,22,Evening,0,1,2,3,0,3,1
Saturday,31-50,Male,Junior high school,Employee,5-10yr,Automobile,Owner,5-10yrs,Other,Undivided Two way,Tangent road with flat terrain,Y Shape,Asphalt roads,Wet or damp,Daylight,Normal,Vehicle with vehicle collision,2,3,Turnover,Overturning,Slight Injury,13,Afternoon,0,1,2,4,3,3,0
Saturday,18-30,Male,Junior high school,Owner,Below 1yr,Public (13-45 seats),Governmental,Unknown,Residential areas,Other,Tangent road with flat terrain,Y Shape,Asphalt roads,Wet or damp,Daylight,Normal,Vehicle with vehicle collision,2,3,Unknown,Driving carelessly,Slight Injury,13,Afternoon,0,1,1,1,-1,3,0
Saturday,18-30,Male,High school,Employee,Below 1yr,Public (13-45 seats),Owner,1-2yr,Rural village areas,Undivided Two way,Gentle horizontal curve,Y Shape,Asphalt roads,Wet or damp,Daylight,Normal,Vehicle with vehicle collision,2,3,Reversing,No distancing,Slight Injury,13,Afternoon,0,1,1,1,1,4,0
Saturday,18-30,Male,Junior high school,Employee,Unknown,Automobile,Owner,2-5yrs,Rural village areas,Undivided Two way,Gentle horizontal curve,Unknown,Asphalt roads,Dry,Daylight,Cloudy,Collision with pedestrians,2,2,Other,Driving carelessly,Slight Injury,13,Afternoon,0,1,1,-1,2,3,0
Saturday,18-30,Male,Junior high school,Employee,Below 1yr,Lorry (11-40Q),Owner,Unknown,Office areas,Double carriageway (median),Tangent road with flat terrain,Unknown,Earth roads,Dry,Daylight,Cloudy,Vehicle with vehicle collision,2,2,Going straight,Changing lane to the left,Slight Injury,13,Afternoon,0,1,1,1,-1,3,0
Saturday,18-30,Female,Junior high school,Employee,2-5yr,Automobile,Owner,2-5yrs,Residential areas,Undivided Two way,Gentle horizontal curve,Unknown,Asphalt roads,Dry,Daylight,Cloudy,Vehicle with vehicle collision,2,2,Going straight,No priority to vehicle,Slight Injury,13,Afternoon,0,1,1,3,2,3,0
Friday,31-50,Male,Junior high school,Employee,2-5yr,Lorry (41-100Q),Owner,Unknown,Residential areas,Other,Tangent road with flat terrain,Y Shape,Asphalt roads,Dry,Daylight,Normal,Collision with roadside objects,2,1,Turnover,Changing lane to the right,Slight Injury,15,Afternoon,0,0,2,3,-1,3,0
Friday,31-50,Male,Junior high school,Employee,5-10yr,Other,Owner,Unknown,Outside rural areas,Other,Tangent road with flat terrain,Y Shape,Asphalt roads,Dry,Daylight,Normal,Vehicle with vehicle collision,2,1,Other,No distancing,Slight Injury,15,Afternoon,0,0,2,4,-1,3,0
Tuesday,18-30,Male,Elementary school,Employee,5-10yr,Pick up upto 10Q,Owner,Above 10yr,Residential areas,Other,Tangent road with flat terrain,Y Shape,Asphalt roads,Dry,Darkness - lights lit,Normal,Vehicle with vehicle collision,2,1,Going straight,Moving Backward,Slight Injury,20,Evening,0,0,1,4,4,2,0
Tuesday,18-30,Male,Unknown,Owner,5-10yr,Lorry (11-40Q),Owner,5-10yrs,Church areas,Other,Tangent road with flat terrain,Y Shape,Asphalt roads,Dry,Darkness - lights lit,Normal,Collision with pedestrians,2,1,Going straight,Moving Backward,Slight Injury,20,Evening,0,0,1,4,3,-1,0
Sunday,18-30,Male,Junior high school,Employee,5-10yr,Motorcycle,Owner,Unknown,Office areas,Undivided Two way,Tangent road with flat terrain,Y Shape,Asphalt roads,Wet or damp,Darkness - lights lit,Raining,Vehicle with vehicle collision,1,1,Other,No distancing,Slight Injury,18,Evening,1,1,1,4,-1,3,0
Tuesday,18-30,Male,Junior high school,Owner,5-10yr,Pick up upto 10Q,Owner,Unknown,Office areas,Two-way (divided with broken lines road marking),Tangent road with mountainous terrain and,No junction,Asphalt roads,Dry,Daylight,Normal,Vehicle with vehicle collision,2,1,Going straight,No distancing,Slight Injury,9,Morning,1,0,1,4,-1,3,0
Tuesday,Over 51,Male,Illiterate,Employee,2-5yr,Lorry (11-40Q),Governmental,Unknown,Office areas,Two-way (divided with broken lines road marking),Escarpments,No junction,Asphalt roads,Dry,Daylight,Normal,Collision with pedestrians,2,1,Turnover,No distancing,Slight Injury,9,Morning,1,0,3,3,-1,0,0
Monday,31-50,Male,Junior high school,Employee,5-10yr,Lorry (11-40Q),Owner,2-5yrs,Other,Undivided Two way,Tangent road with mountainous terrain and,Crossing,Gravel roads,Wet or damp,Darkness - lights lit,Normal,Collision with pedestrians,2,1,Going straight,No priority to pedestrian,Slight Injury,19,Evening,1,0,2,4,2,3,0
Monday,18-30,Male,Junior high school,Employee,Below 1yr,Automobile,Owner,2-5yrs,Other,Undivided Two way,Tangent road with flat terrain,Crossing,Asphalt roads,Wet or damp,Darkness - lights lit,Normal,Collision with pedestrians,2,1,Turnover,Driving carelessly,Slight Injury,19,Evening,1,0,1,1,2,3,0
Sunday,18-30,Male,Junior high school,Employee,1-2yr,Automobile,Owner,Unknown,Residential areas,Two-way (divided with broken lines road marking),Tangent road with flat terrain,Crossing,Asphalt roads,Dry,Darkness - no lighting,Normal,Collision with roadside objects,2,2,Going straight,Changing lane to the right,Slight Injury,19,Evening,1,1,1,2,-1,3,0
Sunday,18-30,Male,Elementary school,Employee,2-5yr,Other,Owner,Unknown,Other,Two-way (divided with broken lines road marking),Tangent road with flat terrain,Crossing,Asphalt roads,Dry,Darkness - no lighting,Normal,Vehicle with vehicle collision,2,2,Moving Backward,Changing lane to the left,Slight Injury,19,Evening,1,1,1,3,-1,2,0
Sunday,18-30,Male,Elementary school,Employee,2-5yr,Other,Owner,Below 1yr,Other,Undivided Two way,Tangent road with mild grade and flat terrain,Crossing,Asphalt roads,Dry,Darkness - no lighting,Normal,Vehicle with vehicle collision,2,2,Unknown,Driving carelessly,Slight Injury,19,Evening,1,1,1,3,0,2,0
Wednesday,18-30,Male,Elementary school,Employee,5-10yr,Automobile,Owner,5-10yrs,Other,Two-way (divided with broken lines road marking),Tangent road with flat terrain,Y Shape,Asphalt roads,Wet or damp,Daylight,Normal,Vehicle with vehicle collision,2,1,Going straight,Driving carelessly,Slight Injury,13,Afternoon,0,0,1,4,3,2,0
Wednesday,Over 51,Male,Junior high school,Employee,5-10yr,Taxi,Governmental,5-10yrs,Other,Undivided Two way,Tangent road with flat terrain,Y Shape,Asphalt roads,Wet or damp,Daylight,Normal,Vehicle with vehicle collision,2,1,Going straight,No distancing,Slight Injury,13,Afternoon,0,0,3,4,3,3,0
Thursday,Under 18,Male,Unknown,Unknown,Unknown,Other,Owner,2-5yrs,Other,Double carriageway (median),Tangent road with mild grade and flat terrain,Y Shape,Asphalt roads,Wet or damp,Daylight,Normal,Vehicle with vehicle collision,2,1,Reversing,Other,Slight Injury,10,Morning,0,0,0,-1,2,-1,0
Thursday,Under 18,Male,Junior high school,Employee,Above 10yr,Taxi,Owner,Unknown,Other,Two-way (divided with broken lines road marking),Tangent road with flat terrain,Y Shape,Asphalt roads,Wet or damp,Daylight,Normal,Vehicle with vehicle collision,2,1,Reversing,Changing lane to the right,Slight Injury,10,Morning,0,0,0,5,-1,3,0
Monday,Over 51,Male,Junior high school,Employee,Above 10yr,Lorry (11-40Q),Owner,2-5yrs,Church areas,Two-way (divided with broken lines road marking),Tangent road with flat terrain,Y Shape,Asphalt roads,Wet or damp,Daylight,Normal,Collision with pedestrians,1,2,Reversing,Changing lane to the right,Slight Injury,13,Afternoon,0,0,3,5,2,3,0
Monday,Over 51,Male,Junior high school,Owner,Above 10yr,Automobile,Owner,5-10yrs,Other,Undivided Two way,Tangent road with flat terrain,Y Shape,Asphalt roads,Wet or damp,Daylight,Normal,Collision with roadside objects,1,2,Going straight,No distancing,Slight Injury,13,Afternoon,0,0,3,5,3,3,0
Tuesday,31-50,Male,Junior high school,Employee,Unknown,Other,Organization,2-5yrs,Industrial areas,Two-way (divided with broken lines road marking),Tangent road with flat terrain,No junction,Asphalt roads,Wet or damp,Daylight,Normal,Vehicle with vehicle collision,3,1,Going straight,No distancing,Slight Injury,10,Morning,0,0,2,-1,2,3,0
Tuesday,31-50,Male,Junior high school,Employee,5-10yr,Automobile,Owner,Unknown,Residential areas,Double carriageway (median),Tangent road with flat terrain,No junction,Asphalt roads,Wet or damp,Daylight,Normal,Vehicle with vehicle collision,3,1,Going straight,Overturning,Slight Injury,10,Morning,0,0,2,4,-1,3,0
Tuesday,31-50,Male,Junior high school,Employee,2-5yr,Automobile,Governmental,Above 10yr,Other,Two-way (divided with broken lines road marking),Tangent road with flat terrain,No junction,Asphalt roads,Wet or damp,Daylight,Normal,Vehicle with vehicle collision,3,1,Going straight,Driving at high speed,Slight Injury,10,Morning,0,0,2,3,4,3,0
Thursday,31-50,Male,Elementary school,Employee,5-10yr,Automobile,Owner,Unknown,Office areas,Two-way (divided with broken lines road marking),Tangent road with flat terrain,Y Shape,Asphalt roads,Wet or damp,Darkness - no lighting,Raining,Vehicle with vehicle collision,2,1,Moving Backward,No priority to vehicle,Slight Injury,17,Afternoon,1,0,2,4,-1,2,0
Thursday,18-30,Male,Junior high school,Employee,2-5yr,Automobile,Owner,Unknown,Industrial areas,Unknown,Tangent road with flat terrain,Y Shape,Asphalt roads,Wet or damp,Darkness - no lighting,Raining,With Train,2,1,Going straight,No priority to pedestrian,Slight Injury,17,Afternoon,1,0,1,3,-1,3,0
Saturday,18-30,Male,High school,Owner,5-10yr,Lorry (41-100Q),Owner,1-2yr,Industrial areas,Double carriageway (median),Tangent road with flat terrain,Crossing,Asphalt roads,Wet or damp,Darkness - lights lit,Normal,Vehicle with vehicle collision,2,1,Moving Backward,No priority to vehicle,Slight Injury,5,Night,0,1,1,4,1,4,0
Saturday,18-30,Male,Junior high school,Employee,Above 10yr,Other,Owner,Unknown,Other,Two-way (divided with broken lines road marking),Tangent road with flat terrain,Crossing,Asphalt roads,Wet or damp,Darkness - lights lit,Normal,Vehicle with vehicle collision,2,1,Moving Backward,Other,Slight Injury,5,Night,0,1,1,5,-1,3,0
Thursday,31-50,Male,Junior high school,Employee,2-5yr,Pick up upto 10Q,Organization,Above 10yr,Hospital areas,Two-way (divided with broken lines road marking),Tangent road with flat terrain,Crossing,Asphalt roads,Wet or damp,Daylight,Normal,Vehicle with vehicle collision,2,2,Going straight,Other,Slight Injury,9,Morning,1,0,2,3,4,3,0
Thursday,31-50,Male,Elementary school,Employee,2-5yr,Pick up upto 10Q,Owner,Unknown,Office areas,One way,Tangent road with flat terrain,Crossing,Asphalt roads,Wet or damp,Daylight,Normal,Vehicle with vehicle collision,2,2,Other,Moving Backward,Slight Injury,9,Morning,1,0,2,3,-1,2,0
Sunday,18-30,Male,High school,Owner,Above 10yr,Automobile,Owner,2-5yrs,Church areas,Undivided Two way,Tangent road with flat terrain,Other,Asphalt roads,Wet or damp,Darkness - lights lit,Windy,Vehicle with vehicle collision,2,1,Going straight,No distancing,Serious Injury,5,Night,0,1,1,5,2,4,1
Sunday,31-50,Male,Elementary school,Employee,1-2yr,Long lorry,Organization,5-10yrs,Hospital areas,Undivided Two way,Tangent road with mountainous terrain and,Other,Earth roads,Wet or damp,Darkness - lights lit,Windy,Vehicle with vehicle collision,2,1,Other,Moving Backward,Serious Injury,5,Night,0,1,2,2,3,2,1
Friday,18-30,Male,Junior high school,Employee,Above 10yr,Automobile,Owner,Above 10yr,Office areas,Other,Tangent road with flat terrain,Y Shape,Asphalt roads,Wet or damp,Darkness - lights lit,Raining,Vehicle with vehicle collision,2,1,Going straight,No priority to vehicle,Slight Injury,17,Afternoon,1,0,1,5,4,3,0
Friday,31-50,Male,Unknown,Unknown,Unknown,Public (13-45 seats),Owner,2-5yrs,Other,Two-way (divided with broken lines road marking),Escarpments,Y Shape,Asphalt roads,Wet or damp,Darkness - lights lit,Raining,Vehicle with vehicle collision,2,1,Reversing,Driving carelessly,Slight Injury,17,Afternoon,1,0,2,-1,2,-1,0
Monday,Over 51,Male,Junior high school,Owner,5-10yr,Lorry (41-100Q),Owner,1-2yr,Office areas,Undivided Two way,Tangent road with flat terrain,Y Shape,Asphalt roads,Dry,Daylight,Normal,Vehicle with vehicle collision,1,1,Unknown,No distancing,Serious Injury,13,Afternoon,0,0,3,4,1,3,1
Tuesday,Under 18,Male,Above high school,Employee,5-10yr,Public (13-45 seats),Owner,2-5yrs,Office areas,Two-way (divided with broken lines road marking),Tangent road with mountainous terrain and,Crossing,Asphalt roads,Wet or damp,Darkness - lights lit,Normal,Collision with pedestrians,2,1,Going straight,Other,Serious Injury,19,Evening,1,0,0,4,2,5,1
Tuesday,Under 18,Male,Junior high school,Employee,5-10yr,Other,Owner,Unknown,Other,Double carriageway (median),Steep grade downward with mountainous terrain,Crossing,Asphalt roads,Wet or damp,Darkness - lights lit,Normal,Collision with roadside objects,2,1,Going straight,Changing lane to the right,Serious Injury,19,Evening,1,0,0,4,-1,3,1
Saturday,31-50,Male,Junior high school,Employee,Above 10yr,Lorry (41-100Q),Owner,1-2yr,Office areas,Undivided Two way,Tangent road with mild grade and flat terrain,Y Shape,Asphalt roads,Wet or damp,Daylight,Normal,Collision with roadside objects,3,6,Going straight,No distancing,Slight Injury,9,Morning,1,1,2,5,1,3,0
Saturday,31-50,Male,Junior high school,Employee,1-2yr,Lorry (41-100Q),Owner,Unknown,Residential areas,Undivided Two way,Tangent road with flat terrain,Y Shape,Asphalt roads,Wet or damp,Daylight,Normal,Vehicle with vehicle collision,3,6,Going straight,Driving carelessly,Slight Injury,9,Morning,1,1,2,2,-1,3,0
Saturday,31-50,Male,Junior high school,Employee,2-5yr,Long lorry,Owner,Unknown,Other,Two-way (divided with broken lines road marking),Tangent road with flat terrain,Y Shape,Gravel roads,Wet or damp,Daylight,Normal,Vehicle with vehicle collision,3,6,Going straight,No distancing,Slight Injury,9,Morning,1,1,2,3,-1,3,0
Saturday,31-50,Male,Junior high school,Employee,Below 1yr,Pick up upto 10Q,Owner,2-5yrs,Office areas,Double carriageway (median),Tangent road with flat terrain,Y Shape,Asphalt roads,Wet or damp,Daylight,Normal,Vehicle with vehicle collision,3,6,Going straight,No priority to vehicle,Slight Injury,9,Morning,1,1,2,1,2,3,0
Saturday,31-50,Male,Junior high school,Employee,Above 10yr,Pick up upto 10Q,Owner,5-10yrs,Office areas,Undivided Two way,Tangent road with mountainous terrain and,Y Shape,Asphalt roads,Wet or damp,Daylight,Normal,Vehicle with vehicle collision,3,6,Other,Changing lane to the right,Slight Injury,9,Morning,1,1,2,5,3,3,0
Saturday,31-50,Male,Junior high school,Employee,1-2yr,Lorry (41-100Q),Unknown,Unknown,Office areas,Other,Tangent road with flat terrain,Y Shape,Asphalt roads,Wet or damp,Daylight,Normal,Vehicle with vehicle collision,3,6,Going straight,No priority to pedestrian,Slight Injury,9,Morning,1,1,2,2,-1,3,0
Thursday,31-50,Male,Above high school,Employee,5-10yr,Lorry (41-100Q),Owner,5-10yrs,Other,Two-way (divided with broken lines road marking),Tangent road with mild grade and flat terrain,Crossing,Other,Wet or damp,Darkness - lights lit,Raining,Collision with roadside objects,2,2,Going straight,No priority to vehicle,Slight Injury,4,Night,0,0,2,4,3,5,0