Day_of_week,Age_band_of_driver,Sex_of_driver,Educational_level,Vehicle_driver_relation,Driving_experience,Type_of_vehicle,Owner_of_vehicle,Service_year_of_vehicle,Area_accident_occured,Lanes_or_Medians,Road_allignment,Types_of_Junction,Road_surface_type,Road_surface_conditions,Light_conditions,Weather_conditions,Type_of_collision,Number_of_vehicles_involved,Number_of_casualties,Vehicle_movement,Cause_of_accident,Accident_severity,Hour,TimeOfDay,RushHour,IsWeekend,Age_band_of_driver_ord,Driving_experience_ord,Service_year_of_vehicle_ord,Educational_level_ord,Severity_code
Tuesday,Over 51,Male,Junior high school,Employee,Above 10yr,Public (13-45 seats),Owner,Unknown,Other,Two-way (divided with broken lines road marking),Tangent road with flat terrain,Unknown,Unknown,Dry,Darkness - lights lit,Normal,Vehicle with vehicle collision,3,1,Moving Backward,Changing lane to the right,Slight Injury,17,Afternoon,1,0,3,5,-1,3,0
Tuesday,Under 18,Male,Junior high school,Employee,Below 1yr,Automobile,Owner,2-5yrs,Residential areas,Two-way (divided with broken lines road marking),Tangent road with flat terrain,Unknown,Gravel roads,Wet or damp,Daylight,Normal,Vehicle with vehicle collision,1,1,Moving Backward,Driving at high speed,Slight Injury,17,Afternoon,1,0,0,1,2,3,0
Tuesday,31-50,Male,Junior high school,Employee,Above 10yr,Public (12 seats),Owner,Unknown,Other,Other,Tangent road with flat terrain,Unknown,Asphalt roads,Wet or damp,Darkness - lights lit,Normal,Collision with pedestrians,3,1,Moving Backward,Changing lane to the left,Slight Injury,10,Morning,0,0,2,5,-1,3,0
Tuesday,Over 51,Male,Elementary school,Owner,5-10yr,Public (12 seats),Owner,Unknown,Church areas,Undivided Two way,Tangent road with flat terrain,Unknown,Unknown,Wet or damp,Darkness - lights lit,Normal,Vehicle with vehicle collision,3,1,Going straight,Driving carelessly,Slight Injury,10,Morning,0,0,3,4,-1,2,0
Monday,31-50,Male,Elementary school,Employee,Above 10yr,Lorry (41-100Q),Owner,Unknown,Other,Undivided Two way,Tangent road with flat terrain,Unknown,Asphalt roads,Wet or damp,Darkness - lights lit,Normal,Vehicle with vehicle collision,3,1,Going straight,No distancing,Slight Injury,14,Afternoon,0,0,2,5,-1,2,0
Monday,Over 51,Male,Junior high school,Employee,1-2yr,Automobile,Owner,Unknown,Office areas,Undivided Two way,Tangent road with flat terrain,Unknown,Earth roads,Dry,Darkness - lights unlit,Normal,Vehicle with vehicle collision,2,1,Going straight,Moving Backward,Slight Injury,14,Afternoon,0,0,3,2,-1,3,0
Monday,Unknown,Male,Unknown,Unknown,Unknown,Pick up upto 10Q,Owner,2-5yrs,Office areas,Two-way (divided with broken lines road marking),Tangent road with flat terrain,Unknown,Asphalt roads,Dry,Darkness - lights unlit,Normal,Vehicle with vehicle collision,2,1,Going straight,No priority to pedestrian,Slight Injury,14,Afternoon,0,0,-1,-1,2,-1,0
Saturday,18-30,Male,High school,Owner,5-10yr,Pick up upto 10Q,Owner,Unknown,Residential areas,Undivided Two way,Tangent road with flat terrain,Unknown,Asphalt roads,Wet or damp,Darkness - lights lit,Windy,Collision with roadside objects,1,1,Other,Moving Backward,Slight Injury,13,Afternoon,0,1,1,4,-1,4,0
Saturday,18-30,Male,Elementary school,Employee,2-5yr,Lorry (41-100Q),Owner,Unknown,Other,Two-way (divided with broken lines road marking),Tangent road with flat terrain,Unknown,Asphalt roads,Wet or damp,Darkness - lights lit,Normal,Vehicle with vehicle collision,1,1,Going straight,Changing lane to the right,Slight Injury,13,Afternoon,0,1,1,3,-1,2,0
Saturday,Unknown,Unknown,Unknown,Unknown,Unknown,Automobile,Owner,Above 10yr,Industrial areas,Undivided Two way,Tangent road with flat terrain,Unknown,Asphalt roads,Wet or damp,Darkness - lights lit,Normal,Vehicle with vehicle collision,2,1,Going straight,No distancing,Slight Injury,13,Afternoon,0,1,-1,-1,4,-1,0
Wednesday,Unknown,Male,Unknown,Unknown,Unknown,Stationwagen,Owner,Unknown,Office areas,Two-way (divided with broken lines road marking),Tangent road with flat terrain,Unknown,Asphalt roads,Wet or damp,Darkness - lights lit,Normal,Vehicle with vehicle collision,2,1,Going straight,Drunk driving,Slight Injury,8,Morning,1,0,-1,-1,-1,-1,0
Wednesday,18-30,Male,High school,Owner,1-2yr,Motorcycle,Organization,Unknown,Recreational areas,Two-way (divided with broken lines road marking),Tangent road with flat terrain,Unknown,Earth roads,Wet or damp,Darkness - lights lit,Normal,Vehicle with vehicle collision,1,1,Reversing,Changing lane to the right,Slight Injury,8,Morning,1,0,1,2,-1,4,0
Sunday,18-30,Male,Junior high school,Employee,1-2yr,Unknown,Owner,1-2yr,Residential areas,Two-way (divided with broken lines road marking),Tangent road with flat terrain,Unknown,Asphalt roads,Dry,Darkness - lights lit,Normal,Collision with roadside objects,2,1,Moving Backward,Driving carelessly,Serious Injury,12,Afternoon,0,1,1,2,1,3,1
Sunday,18-30,Male,Junior high school,Employee,1-2yr,Other,Owner,Above 10yr,Residential areas,Undivided Two way,Tangent road with flat terrain,Unknown,Asphalt roads,Dry,Darkness - lights lit,Normal,Vehicle with vehicle collision,2,1,Going straight,Driving to the left,Serious Injury,12,Afternoon,0,1,1,2,4,3,1
Sunday,Unknown,Male,Junior high school,Employee,Above 10yr,Automobile,Owner,5-10yrs,Church areas,Undivided Two way,Steep grade downward with mountainous terrain,Unknown,Asphalt roads,Wet or damp,Daylight,Normal,Collision with roadside objects,1,1,Going straight,Changing lane to the right,Slight Injury,12,Afternoon,0,1,-1,5,3,3,0
Sunday,Unknown,Male,Junior high school,Employee,1-2yr,Automobile,Owner,5-10yrs,Residential areas,Undivided Two way,Tangent road with flat terrain,Unknown,Asphalt roads,Dry,Daylight,Normal,Vehicle with vehicle collision,1,1,Reversing,Changing lane to the right,Serious Injury,12,Afternoon,0,1,-1,2,3,3,1
Sunday,18-30,Male,High school,Owner,Above 10yr,Unknown,Owner,Unknown,Unknown,Other,Tangent road with flat terrain,Unknown,Asphalt roads,Wet or damp,Darkness - lights lit,Raining,Rollover,2,1,Going straight,Driving carelessly,Slight Injury,20,Evening,0,1,1,5,-1,4,0
Sunday,31-50,Male,Junior high school,Employee,Above 10yr,Public (> 45 seats),Owner,5-10yrs,Other,Undivided Two way,Tangent road with flat terrain,Unknown,Asphalt roads,Wet or damp,Darkness - lights lit,Raining,Vehicle with vehicle collision,2,1,Reversing,Changing lane to the left,Slight Injury,20,Evening,0,1,2,5,3,3,0
Thursday,31-50,Male,Junior high school,Employee,1-2yr,Automobile,Owner,Unknown,Other,Two-way (divided with solid lines road marking),Tangent road with flat terrain,Unknown,Asphalt roads,Wet or damp,Darkness - lights lit,Cloudy,Vehicle with vehicle collision,2,1,Other,No priority to vehicle,Slight Injury,18,Evening,1,0,2,2,-1,3,0
Thursday,31-50,Male,Junior high school,Employee,1-2yr,Other,Owner,Unknown,Church areas,Two-way (divided with solid lines road marking),Tangent road with flat terrain,Unknown,Asphalt roads,Wet or damp,Darkness - lights lit,Cloudy,Vehicle with vehicle collision,2,1,Unknown,Driving carelessly,Slight Injury,20,Evening,0,0,2,2,-1,3,0
Thursday,18-30,Male,High school,Employee,2-5yr,Automobile,Governmental,Unknown,Other,Two-way (divided with solid lines road marking),Tangent road with flat terrain,Unknown,Asphalt roads,Wet or damp,Daylight,Normal,Vehicle with vehicle collision,1,1,Going straight,Changing lane to the right,Slight Injury,20,Evening,0,0,1,3,-1,4,0
Thursday,31-50,Male,Junior high school,Employee,2-5yr,Other,Owner,Unknown,Church areas,Two-way (divided with solid lines road marking),Tangent road with flat terrain,Unknown,Asphalt roads,Wet or damp,Daylight,Raining,Vehicle with vehicle collision,2,2,Going straight,Driving carelessly,Slight Injury,20,Evening,0,0,2,3,-1,3,0
Thursday,31-50,Male,Junior high school,Employee,1-2yr,Lorry (41-100Q),Owner,Unknown,Church areas,Two-way (divided with broken lines road marking),Tangent road with flat terrain,Unknown,Asphalt roads,Wet or damp,Daylight,Raining,Collision with pedestrians,2,2,Going straight,Driving under the influence of drugs,Slight Injury,20,Evening,0,0,2,2,-1,3,0
Wednesday,31-50,Male,Elementary school,Employee,5-10yr,Pick up upto 10Q,Owner,Above 10yr,Other,Undivided Two way,Tangent road with flat terrain,Unknown,Earth roads,Dry,Daylight,Normal,Rollover,2,2,Going straight,No distancing,Slight Injury,10,Morning,0,0,2,4,4,2,0
Wednesday,31-50,Male,Junior high school,Employee,5-10yr,Public (13-45 seats),Governmental,5-10yrs,Other,Undivided Two way,Tangent road with flat terrain,Unknown,Asphalt roads,Dry,Daylight,Normal,Vehicle with vehicle collision,2,2,Going straight,Changing lane to the left,Slight Injury,10,Morning,0,0,2,4,3,3,0
Wednesday,31-50,Male,Junior high school,Employee,1-2yr,Automobile,Owner,5-10yrs,School areas,Other,Tangent road with flat terrain,Unknown,Asphalt roads,Dry,Darkness - lights lit,Windy,Rollover,1,1,Going straight,No priority to vehicle,Slight Injury,10,Morning,0,0,2,2,3,3,0
Wednesday,18-30,Male,Elementary school,Other,5-10yr,Pick up upto 10Q,Owner,Above 10yr,Residential areas,Undivided Two way,Tangent road with flat terrain,Unknown,Asphalt roads,Wet or damp,Darkness - lights lit,Raining,Vehicle with vehicle collision,2,1,Going straight,Moving Backward,Slight Injury,20,Evening,0,0,1,4,4,2,0
Wednesday,18-30,Male,Junior high school,Employee,2-5yr,Automobile,Unknown,1-2yr,Other,Two-way (divided with broken lines road marking),Tangent road with flat terrain,Unknown,Asphalt roads,Wet or damp,Darkness - lights lit,Raining,Vehicle with vehicle collision,2,1,Going straight,Moving Backward,Slight Injury,20,Evening,0,0,1,3,1,3,0
Wednesday,18-30,Male,Elementary school,Employee,5-10yr,Lorry (41-100Q),Owner,Above 10yr,Office areas,Undivided Two way,Tangent road with flat terrain,Unknown,Other,Dry,Darkness - lights lit,Normal,Vehicle with vehicle collision,1,1,Going straight,No distancing,Fatal injury,20,Evening,0,0,1,4,4,2,2
Friday,Over 51,Male,Junior high school,Employee,Above 10yr,Automobile,Owner,Above 10yr,Residential areas,Undivided Two way,Tangent road with flat terrain,Unknown,Gravel roads,Wet or damp,Daylight,Raining,Fall from vehicles,2,1,Going straight,Changing lane to the right,Slight Injury,11,Morning,0,0,3,5,4,3,0
Friday,31-50,Male,Junior high school,Employee,Above 10yr,Lorry (41-100Q),Owner,Above 10yr,Other,One way,Steep grade downward with mountainous terrain,Unknown,Gravel roads,Wet or damp,Daylight,Raining,Vehicle with vehicle collision,2,1,Going straight,Changing lane to the right,Slight Injury,11,Morning,0,0,2,5,4,3,0
Friday,31-50,Male,Elementary school,Owner,2-5yr,Lorry (41-100Q),Owner,Above 10yr,Residential areas,Two-way (divided with broken lines road marking),Tangent road with flat terrain,Unknown,Asphalt roads,Snow,Darkness - lights lit,Other,Collision with roadside objects,2,1,Going straight,Moving Backward,Slight Injury,11,Morning,0,0,2,3,4,2,0
Thursday,31-50,Male,Elementary school,Employee,5-10yr,Lorry (41-100Q),Owner,5-10yrs,Residential areas,Undivided Two way,Tangent road with flat terrain,Unknown,Asphalt roads,Snow,Darkness - lights lit,Other,Vehicle with vehicle collision,2,1,Going straight,Driving carelessly,Slight Injury,16,Afternoon,1,0,2,4,3,2,0
Thursday,18-30,Male,Junior high school,Owner,1-2yr,Public (13-45 seats),Owner,Unknown,Residential areas,Two-way (divided with broken lines road marking),Tangent road with flat terrain,Unknown,Earth roads,Dry,Daylight,Normal,Vehicle with vehicle collision,3,1,Going straight,Driving under the influence of drugs,Slight Injury,16,Afternoon,1,0,1,2,-1,3,0
Monday,31-50,Male,Elementary school,Employee,Above 10yr,Automobile,Owner,1-2yr,Other,Other,Tangent road with flat terrain,Unknown,Asphalt roads,Dry,Daylight,Normal,Vehicle with vehicle collision,3,1,Going straight,No distancing,Slight Injury,13,Afternoon,0,0,2,5,1,2,0
Monday,18-30,Male,Junior high school,Employee,5-10yr,Other,Owner,5-10yrs,Other,Undivided Two way,Tangent road with flat terrain,Unknown,Asphalt roads,Dry,Daylight,Normal,Collision with pedestrians,3,1,Moving Backward,No distancing,Slight Injury,13,Afternoon,0,0,1,4,3,3,0
Friday,31-50,Male,Junior high school,Employee,2-5yr,Other,Owner,5-10yrs,Other,One way,Tangent road with flat terrain,Unknown,Asphalt roads,Dry,Darkness - lights lit,Normal,Vehicle with vehicle collision,2,1,Going straight,No priority to vehicle,Slight Injury,19,Evening,1,0,2,3,3,3,0
Friday,31-50,Male,Elementary school,Employee,Above 10yr,Other,Owner,1-2yr,Hospital areas,Undivided Two way,Tangent road with flat terrain,Unknown,Asphalt roads,Dry,Darkness - lights lit,Normal,Vehicle with vehicle collision,2,1,Going straight,Driving to the left,Slight Injury,19,Evening,1,0,2,5,1,2,0
Saturday,Under 18,Male,Junior high school,Employee,2-5yr,Automobile,Owner,2-5yrs,Residential areas,Undivided Two way,Tangent road with flat terrain,Unknown,Earth roads,Dry,Daylight,Normal,Vehicle with vehicle collision,2,1,Going straight,No priority to vehicle,Slight Injury,23,Evening,0,1,0,3,2,3,0
Saturday,Under 18,Male,Elementary school,Employee,Above 10yr,Other,Owner,5-10yrs,Residential areas,One way,Tangent road with flat terrain,Unknown,Asphalt roads,Dry,Daylight,Normal,Rollover,2,1,Unknown,No priority to vehicle,Slight Injury,23,Evening,0,1,0,5,3,2,0
Saturday,Under 18,Male,Junior high school,Employee,Above 10yr,Lorry (41-100Q),Owner,5-10yrs,Residential areas,Undivided Two way,Tangent road with flat terrain,Unknown,Asphalt roads,Dry,Daylight,Normal,Collision with roadside objects,1,1,Turnover,No priority to vehicle,Serious Injury,23,Evening,0,1,0,5,3,3,1
Wednesday,18-30,Male,Junior high school,Employee,2-5yr,Public (12 seats),Owner,1-2yr,Other,Two-way (divided with broken lines road marking),Tangent road with flat terrain,Unknown,Asphalt roads,Wet or damp,Daylight,Normal,Vehicle with vehicle collision,2,1,Going straight,No distancing,Slight Injury,9,Morning,1,0,1,3,1,3,0
Thursday,31-50,Male,Junior high school,Employee,Above 10yr,Lorry (41-100Q),Owner,1-2yr,Office areas,Two-way (divided with broken lines road marking),Tangent road with flat terrain,Unknown,Asphalt roads,Wet or damp,Daylight,Normal,Vehicle with vehicle collision,2,1,Going straight,Moving Backward,Slight Injury,15,Afternoon,0,0,2,5,1,3,0
Thursday,31-50,Male,Junior high school,Employee,Above 10yr,Public (12 seats),Owner,2-5yrs,Other,Other,Tangent road with flat terrain,Unknown,Asphalt roads,Dry,Darkness - lights lit,Normal,Collision with roadside objects,1,1,Going straight,Changing lane to the right,Serious Injury,15,Afternoon,0,0,2,5,2,3,1
Saturday,Under 18,Male,Junior high school,Employee,Below 1yr,Lorry (41-100Q),Owner,Unknown,Office areas,Double carriageway (median),Tangent road with flat terrain,Unknown,Asphalt roads,Wet or damp,Darkness - lights lit,Normal,Vehicle with vehicle collision,1,1,Going straight,Driving carelessly,Slight Injury,20,Evening,0,1,0,1,-1,3,0
Wednesday,31-50,Female,Junior high school,Owner,Above 10yr,Other,Owner,Unknown,Residential areas,Two-way (divided with broken lines road marking),Tangent road with flat terrain,Unknown,Asphalt roads,Dry,Daylight,Normal,Vehicle with vehicle collision,1,2,Going straight,Changing lane to the left,Slight Injury,21,Evening,0,0,2,5,-1,3,0
Wednesday,18-30,Male,High school,Other,Above 10yr,Lorry (41-100Q),Owner,Unknown,Office areas,Double carriageway (median),Gentle horizontal curve,Unknown,Asphalt roads,Dry,Daylight,Normal,Vehicle with vehicle collision,1,2,Going straight,No distancing,Slight Injury,21,Evening,0,0,1,5,-1,4,0
Saturday,Under 18,Male,Junior high school,Employee,5-10yr,Unknown,Owner,Unknown,Office areas,Double carriageway (median),Tangent road with flat terrain,Unknown,Asphalt roads,Wet or damp,Daylight,Normal,Rollover,1,1,Going straight,Changing lane to the right,Serious Injury,21,Evening,0,1,0,4,-1,3,1
Saturday,Under 18,Male,Elementary school,Unknown,Unknown,Public (> 45 seats),Organization,Unknown,Other,Double carriageway (median),Tangent road with flat terrain,Unknown,Asphalt roads,Dry,Darkness - lights lit,Unknown,Rollover,1,2,Going straight,Driving under the influence of drugs,Serious Injury,21,Evening,0,1,0,-1,-1,2,1
Tuesday,Under 18,Male,Junior high school,Employee,5-10yr,Lorry (41-100Q),Owner,Unknown,Office areas,Two-way (divided with broken lines road marking),Tangent road with flat terrain,Unknown,Earth roads,Dry,Darkness - lights lit,Unknown,Collision with pedestrians,1,2,Going straight,No distancing,Serious Injury,5,Night,0,0,0,4,-1,3,1
Tuesday,Under 18,Male,Junior high school,Employee,5-10yr,Other,Owner,Unknown,Office areas,Unknown,Tangent road with flat terrain,Unknown,Asphalt roads,Dry,Daylight,Normal,Vehicle with vehicle collision,1,1,Turnover,Overturning,Slight Injury,5,Night,0,0,0,4,-1,3,0
Tuesday,18-30,Male,Junior high school,Owner,Below 1yr,Other,Governmental,Unknown,Office areas,One way,Tangent road with flat terrain,Unknown,Asphalt roads,Wet or damp,Darkness - lights lit,Normal,Vehicle with vehicle collision,2,1,Unknown,No distancing,Slight Injury,5,Night,0,0,1,1,-1,3,0
Monday,31-50,Male,Junior high school,Employee,5-10yr,Automobile,Owner,Unknown,Other,Undivided Two way,Tangent road with flat terrain,Unknown,Asphalt roads,Wet or damp,Darkness - lights lit,Normal,Vehicle with vehicle collision,2,1,Reversing,Changing lane to the right,Slight Injury,9,Morning,1,0,2,4,-1,3,0
Monday,31-50,Male,Elementary school,Employee,2-5yr,Lorry (41-100Q),Owner,Unknown,Residential areas,Unknown,Tangent road with flat terrain,Unknown,Asphalt roads,Wet or damp,Daylight,Normal,Collision with pedestrians,1,1,Other,No priority to vehicle,Slight Injury,9,Morning,1,0,2,3,-1,2,0
Wednesday,Unknown,Male,Junior high school,Owner,2-5yr,Pick up upto 10Q,Owner,2-5yrs,Residential areas,Two-way (divided with broken lines road marking),Gentle horizontal curve,Unknown,Earth roads,Dry,Daylight,Normal,Collision with pedestrians,1,1,Going straight,Changing lane to the right,Serious Injury,18,Evening,1,0,-1,3,2,3,1
Wednesday,Under 18,Male,Elementary school,Employee,2-5yr,Automobile,Owner,5-10yrs,Church areas,Two-way (divided with broken lines road marking),Tangent road with flat terrain,Unknown,Asphalt roads,Dry,Darkness - lights lit,Normal,Vehicle with vehicle collision,1,1,Going straight,Changing lane to the left,Serious Injury,18,Evening,1,0,0,3,3,2,1
Wednesday,Over 51,Male,Junior high school,Owner,2-5yr,Unknown,Owner,5-10yrs,Other,Two-way (divided with broken lines road marking),Tangent road with flat terrain,Unknown,Asphalt roads,Dry,Daylight,Normal,Vehicle with vehicle collision,3,2,Turnover,No distancing,Fatal injury,16,Afternoon,1,0,3,3,3,3,2
Wednesday,18-30,Male,Junior high school,Employee,Above 10yr,Other,Owner,Unknown,Residential areas,Two-way (divided with broken lines road marking),Tangent road with flat terrain,Unknown,Asphalt roads,Dry,Daylight,Normal,Vehicle with vehicle collision,3,2,Other,No priority to pedestrian,Fatal injury,16,Afternoon,1,0,1,5,-1,3,2
Tuesday,31-50,Male,Junior high school,Employee,2-5yr,Automobile,Owner,2-5yrs,Other,Undivided Two way,Tangent road with flat terrain,Unknown,Asphalt roads,Dry,Daylight,Normal,Collision with roadside objects,3,2,Going straight,Driving carelessly,Fatal injury,13,Afternoon,0,0,2,3,2,3,2
Tuesday,Over 51,Male,Junior high school,Employee,1-2yr,Stationwagen,Owner,2-5yrs,Residential areas,Undivided Two way,Tangent road with flat terrain,Unknown,Asphalt roads,Dry,Daylight,Normal,Vehicle with vehicle collision,3,2,Going straight,No distancing,Fatal injury,13,Afternoon,0,0,3,2,2,3,2
Friday,Unknown,Male,Junior high school,Employee,2-5yr,Other,Owner,2-5yrs,Residential areas,Two-way (divided with broken lines road marking),Tangent road with flat terrain,Unknown,Asphalt roads,Dry,Daylight,Normal,Collision with roadside objects,1,1,Other,Driving carelessly,Slight Injury,20,Evening,0,0,-1,3,2,3,0
Friday,Under 18,Male,Junior high school,Employee,1-2yr,Unknown,Owner,5-10yrs,Other,Two-way (divided with broken lines road marking),Tangent road with flat terrain,Unknown,Asphalt roads,Dry,Daylight,Normal,Vehicle with vehicle collision,2,1,Going straight,Driving carelessly,Serious Injury,20,Evening,0,0,0,2,3,3,1
Friday,Over 51,Male,Junior high school,Employee,5-10yr,Ridden horse,Unknown,Unknown,Other,Two-way (divided with broken lines road marking),Tangent road with flat terrain,Unknown,Asphalt roads,Dry,Daylight,Normal,Vehicle with vehicle collision,2,1,Turnover,Moving Backward,Serious Injury,19,Evening,1,0,3,4,-1,3,1
Saturday,Unknown,Male,Junior high school,Employee,5-10yr,Unknown,Owner,Unknown,Other,Undivided Two way,Tangent road with flat terrain,Unknown,Other,Dry,Daylight,Normal,Collision with roadside objects,3,1,Going straight,Overtaking,Slight Injury,12,Afternoon,0,1,-1,4,-1,3,0
Wednesday,31-50,Male,Elementary school,Owner,2-5yr,Other,Owner,Unknown,Other,Double carriageway (median),Tangent road with flat terrain,Unknown,Asphalt roads,Dry,Daylight,Normal,Vehicle with vehicle collision,3,1,Turnover,No priority to vehicle,Slight Injury,18,Evening,1,0,2,3,-1,2,0
Wednesday,31-50,Male,Elementary school,Employee,Below 1yr,Lorry (41-100Q),Owner,Unknown,Residential areas,Two-way (divided with broken lines road marking),Tangent road with flat terrain,Unknown,Asphalt roads,Dry,Daylight,Normal,Vehicle with vehicle collision,3,1,Going straight,No priority to vehicle,Slight Injury,18,Evening,1,0,2,1,-1,2,0
Wednesday,31-50,Male,Unknown,Unknown,Unknown,Lorry (41-100Q),Owner,2-5yrs,Recreational areas,Undivided Two way,Tangent road with flat terrain,Unknown,Asphalt roads,Dry,Daylight,Normal,Collision with roadside objects,2,1,Moving Backward,Moving Backward,Slight Injury,18,Evening,1,0,2,-1,2,-1,0
Wednesday,18-30,Male,Junior high school,Employee,Above 10yr,Lorry (41-100Q),Owner,Unknown,Other,Other,Tangent road with flat terrain,Unknown,Asphalt roads,Dry,Daylight,Normal,Collision with roadside objects,2,1,Unknown,Overtaking,Slight Injury,18,Evening,1,0,1,5,-1,3,0
Wednesday,18-30,Male,High school,Employee,1-2yr,Stationwagen,Owner,Unknown,Office areas,Undivided Two way,Tangent road with flat terrain,Unknown,Asphalt roads,Dry,Daylight,Normal,Vehicle with vehicle collision,4,1,Going straight,Changing lane to the left,Slight Injury,7,Morning,1,0,1,2,-1,4,0
Wednesday,18-30,Male,Junior high school,Owner,5-10yr,Lorry (41-100Q),Unknown,Unknown,Other,Undivided Two way,Tangent road with flat terrain,Unknown,Asphalt roads,Dry,Daylight,Normal,Vehicle with vehicle collision,4,1,Going straight,Changing lane to the right,Slight Injury,7,Morning,1,0,1,4,-1,3,0
Thursday,Under 18,Male,Junior high school,Employee,1-2yr,Automobile,Owner,Unknown,Office areas,Undivided Two way,Tangent road with flat terrain,Unknown,Asphalt roads,Dry,Daylight,Normal,Vehicle with vehicle collision,4,1,Reversing,Overtaking,Slight Injury,10,Morning,0,0,0,2,-1,3,0
Thursday,Over 51,Male,Junior high school,Employee,Above 10yr,Automobile,Owner,Unknown,Office areas,One way,Tangent road with flat terrain,Unknown,Earth roads,Dry,Daylight,Normal,Vehicle with vehicle collision,4,1,Reversing,Overloading,Slight Injury,10,Morning,0,0,3,5,-1,3,0
Saturday,Over 51,Female,Junior high school,Employee,Below 1yr,Pick up upto 10Q,Owner,Unknown,Office areas,Undivided Two way,Tangent road with flat terrain,Unknown,Asphalt roads,Dry,Daylight,Normal,Vehicle with vehicle collision,2,1,Reversing,Other,Slight Injury,23,Evening,0,1,3,1,-1,3,0
Sunday,18-30,Male,Elementary school,Employee,2-5yr,Taxi,Owner,Unknown,Other,Undivided Two way,Tangent road with flat terrain,Unknown,Asphalt roads,Dry,Daylight,Normal,Vehicle with vehicle collision,2,1,Going straight,No priority to vehicle,Slight Injury,0,Night,0,1,1,3,-1,2,0
Sunday,18-30,Male,Junior high school,Employee,5-10yr,Unknown,Governmental,Unknown,Other,Double carriageway (median),Tangent road with flat terrain,Unknown,Asphalt roads,Wet or damp,Daylight,Normal,Vehicle with vehicle collision,1,1,Going straight,Changing lane to the right,Slight Injury,0,Night,0,1,1,4,-1,3,0
Monday,18-30,Male,Elementary school,Employee,5-10yr,Automobile,Owner,Unknown,Office areas,Two-way (divided with solid lines road marking),Tangent road with flat terrain,Unknown,Asphalt roads,Dry,Darkness - no lighting,Normal,Vehicle with vehicle collision,3,2,Going straight,Moving Backward,Slight Injury,10,Morning,0,0,1,4,-1,2,0
Monday,18-30,Male,Junior high school,Owner,1-2yr,Unknown,Owner,Unknown,Residential areas,Other,Tangent road with flat terrain,Unknown,Asphalt roads,Dry,Darkness - no lighting,Normal,Vehicle with vehicle collision,3,2,Going straight,Changing lane to the left,Slight Injury,10,Morning,0,0,1,2,-1,3,0
Saturday,18-30,Male,Junior high school,Employee,5-10yr,Long lorry,Governmental,2-5yrs,Recreational areas,Undivided Two way,Tangent road with flat terrain,Unknown,Asphalt roads,Dry,Darkness - no lighting,Normal,Vehicle with vehicle collision,3,2,Moving Backward,No priority to pedestrian,Slight Injury,13,Afternoon,0,1,1,4,2,3,0
Saturday,Over 51,Male,Unknown,Other,Unknown,Public (12 seats),Owner,1-2yr,Other,Other,Tangent road with flat terrain,Unknown,Asphalt roads,Dry,Darkness - no lighting,Normal,Vehicle with vehicle collision,3,2,Going straight,No distancing,Slight Injury,13,Afternoon,0,1,3,-1,1,-1,0
Saturday,Over 51,Male,High school,Employee,2-5yr,Pick up upto 10Q,Owner,Above 10yr,Residential areas,Other,Tangent road with flat terrain,Unknown,Asphalt roads,Dry,Daylight,Normal,Vehicle with vehicle collision,2,1,Moving Backward,No priority to vehicle,Slight Injury,13,Afternoon,0,1,3,3,4,4,0
Monday,18-30,Male,Junior high school,Employee,1-2yr,Unknown,Owner,Unknown,Other,Other,Tangent road with flat terrain,Unknown,Asphalt roads,Dry,Daylight,Normal,Vehicle with vehicle collision,2,1,Moving Backward,No distancing,Slight Injury,17,Afternoon,1,0,1,2,-1,3,0
Monday,31-50,Male,Junior high school,Employee,5-10yr,Other,Owner,Unknown,Other,Other,Tangent road with flat terrain,Unknown,Asphalt roads,Dry,Daylight,Other,Vehicle with vehicle collision,2,1,Going straight,No distancing,Slight Injury,17,Afternoon,1,0,2,4,-1,3,0
Monday,31-50,Male,Junior high school,Employee,2-5yr,Lorry (41-100Q),Owner,5-10yrs,Other,One way,Tangent road with flat terrain,Unknown,Asphalt roads,Dry,Daylight,Other,Vehicle with vehicle collision,2,1,Other,Moving Backward,Slight Injury,17,Afternoon,1,0,2,3,3,3,0
Monday,31-50,Male,Junior high school,Employee,No Licence,Automobile,Owner,Unknown,Other,Two-way (divided with broken lines road marking),Tangent road with flat terrain,Unknown,Asphalt roads,Wet or damp,Darkness - lights lit,Normal,Vehicle with vehicle collision,1,2,Going straight,Changing lane to the right,Slight Injury,17,Afternoon,1,0,2,0,-1,3,0
Friday,31-50,Male,Junior high school,Employee,Above 10yr,Pick up upto 10Q,Owner,2-5yrs,Other,Other,Tangent road with flat terrain,Unknown,Asphalt roads,Wet or damp,Darkness - lights lit,Normal,Vehicle with vehicle collision,1,2,Other,No priority to pedestrian,Slight Injury,17,Afternoon,1,0,2,5,2,3,0
Friday,Under 18,Male,Junior high school,Employee,Above 10yr,Lorry (41-100Q),Owner,Unknown,School areas,Undivided Two way,Tangent road with flat terrain,Unknown,Asphalt roads,Dry,Darkness - lights lit,Normal,Vehicle with vehicle collision,1,4,Going straight,Moving Backward,Fatal injury,17,Afternoon,1,0,0,5,-1,3,2
Friday,31-50,Male,Junior high school,Employee,5-10yr,Lorry (41-100Q),Owner,Unknown,Office areas,Two-way (divided with broken lines road marking),Tangent road with flat terrain,Unknown,Asphalt roads,Dry,Darkness - lights lit,Normal,Collision with roadside objects,1,4,Reversing,Getting off the vehicle improperly,Fatal injury,17,Afternoon,1,0,2,4,-1,3,2