Day_of_week,Age_band_of_driver,Sex_of_driver,Educational_level,Vehicle_driver_relation,Driving_experience,Type_of_vehicle,Owner_of_vehicle,Service_year_of_vehicle,Area_accident_occured,Lanes_or_Medians,Road_allignment,Types_of_Junction,Road_surface_type,Road_surface_conditions,Light_conditions,Weather_conditions,Type_of_collision,Number_of_vehicles_involved,Number_of_casualties,Vehicle_movement,Cause_of_accident,Accident_severity,Hour,TimeOfDay,RushHour,IsWeekend,Age_band_of_driver_ord,Driving_experience_ord,Service_year_of_vehicle_ord,Educational_level_ord,Severity_code
Sunday,31-50,Female,Junior high school,Employee,Above 10yr,Public (13-45 seats),Owner,Unknown,Office areas,Two-way (divided with broken lines road marking),Tangent road with flat terrain,Y Shape,Asphalt roads,Dry,Darkness - lights lit,Normal,Vehicle with vehicle collision,2,5,Going straight,Other,Slight Injury,20,Evening,0,1,2,5,-1,3,0
Sunday,Unknown,Male,Junior high school,Owner,5-10yr,Automobile,Owner,Unknown,Church areas,Undivided Two way,Tangent road with flat terrain,Y Shape,Asphalt roads,Dry,Darkness - lights lit,Normal,Rollover,2,5,Going straight,Other,Slight Injury,20,Evening,0,1,-1,4,-1,3,0
Saturday,Over 51,Male,Elementary school,Employee,2-5yr,Pick up upto 10Q,Governmental,Unknown,Other,One way,Tangent road with flat terrain,Y Shape,Asphalt roads,Dry,Darkness - lights lit,Normal,Vehicle with vehicle collision,2,5,Going straight,No distancing,Slight Injury,20,Evening,0,1,3,3,-1,2,0
Thursday,18-30,Male,Junior high school,Employee,2-5yr,Automobile,Owner,Unknown,Office areas,Undivided Two way,Tangent road with flat terrain,No junction,Asphalt roads,Dry,Daylight,Normal,Vehicle with vehicle collision,3,1,Going straight,No priority to vehicle,Slight Injury,18,Evening,1,0,1,3,-1,3,0
Wednesday,31-50,Male,Junior high school,Employee,Below 1yr,Lorry (41-100Q),Owner,1-2yr,Office areas,Two-way (divided with broken lines road marking),Tangent road with flat terrain,No junction,Asphalt roads,Dry,Daylight,Normal,Vehicle with vehicle collision,3,1,Going straight,Overtaking,Slight Injury,16,Afternoon,1,0,2,1,1,3,0
Tuesday,18-30,Male,Junior high school,Employee,2-5yr,Automobile,Owner,Below 1yr,Residential areas,Two-way (divided with broken lines road marking),Tangent road with flat terrain,Y Shape,Asphalt roads,Dry,Daylight,Normal,Fall from vehicles,3,1,Going straight,No priority to pedestrian,Slight Injury,18,Evening,1,0,1,3,0,3,0
Tuesday,18-30,Male,Junior high school,Employee,2-5yr,Lorry (41-100Q),Unknown,Unknown,Other,Undivided Two way,Tangent road with flat terrain,Y Shape,Asphalt roads,Dry,Daylight,Normal,Vehicle with vehicle collision,2,1,Going straight,No distancing,Slight Injury,18,Evening,1,0,1,3,-1,3,0
Monday,18-30,Male,Elementary school,Employee,5-10yr,Lorry (41-100Q),Owner,5-10yrs,Residential areas,Two-way (divided with broken lines road marking),Tangent road with flat terrain,Y Shape,Asphalt roads,Dry,Daylight,Normal,Collision with roadside objects,2,1,Going straight,Changing lane to the right,Slight Injury,15,Afternoon,0,0,1,4,3,2,0
Wednesday,Under 18,Male,Junior high school,Employee,Above 10yr,Lorry (41-100Q),Governmental,Unknown,Office areas,Two-way (divided with broken lines road marking),Tangent road with flat terrain,Y Shape,Asphalt roads,Wet or damp,Darkness - lights lit,Normal,Vehicle with vehicle collision,2,1,Going straight,Driving carelessly,Serious Injury,18,Evening,1,0,0,5,-1,3,1
Wednesday,18-30,Male,Unknown,Unknown,Unknown,Public (13-45 seats),Owner,5-10yrs,Office areas,Undivided Two way,Tangent road with flat terrain,Y Shape,Asphalt roads,Wet or damp,Darkness - lights lit,Normal,Vehicle with vehicle collision,2,1,Going straight,Changing lane to the right,Serious Injury,18,Evening,1,0,1,-1,3,-1,1
Tuesday,31-50,Male,Junior high school,Employee,2-5yr,Automobile,Owner,Above 10yr,Other,Undivided Two way,Tangent road with flat terrain,Y Shape,Asphalt roads,Wet or damp,Darkness - lights lit,Raining,Vehicle with vehicle collision,2,1,Going straight,Overtaking,Slight Injury,20,Evening,0,0,2,3,4,3,0
Tuesday,31-50,Male,Junior high school,Employee,5-10yr,Other,Owner,1-2yr,Other,Other,Steep grade downward with mountainous terrain,Y Shape,Asphalt roads,Wet or damp,Darkness - lights lit,Raining,Collision with pedestrians,2,1,Moving Backward,Other,Slight Injury,20,Evening,0,0,2,4,1,3,0
Monday,31-50,Male,Above high school,Employee,2-5yr,Other,Owner,2-5yrs,Office areas,One way,Steep grade downward with mountainous terrain,Crossing,Asphalt roads,Dry,Darkness - lights lit,Normal,Vehicle with vehicle collision,2,1,Going straight,Driving to the left,Slight Injury,17,Afternoon,1,0,2,3,2,5,0
Monday,18-30,Male,Unknown,Unknown,Unknown,Other,Owner,Unknown,Residential areas,Two-way (divided with broken lines road marking),Tangent road with flat terrain,Crossing,Asphalt roads,Dry,Darkness - lights lit,Normal,Vehicle with vehicle collision,2,1,Going straight,Driving at high speed,Slight Injury,17,Afternoon,1,0,1,-1,-1,-1,0
Wednesday,18-30,Male,Unknown,Employee,1-2yr,Automobile,Owner,Unknown,Other,Two-way (divided with broken lines road marking),Tangent road with flat terrain,Crossing,Asphalt roads,Wet or damp,Darkness - lights lit,Normal,Vehicle with vehicle collision,1,1,Going straight,Unknown,Slight Injury,20,Evening,0,0,1,2,-1,-1,0
Friday,31-50,Male,Junior high school,Employee,2-5yr,Other,Organization,2-5yrs,Residential areas,Undivided Two way,Tangent road with flat terrain,Crossing,Asphalt roads,Dry,Daylight,Normal,Rollover,2,1,Unknown,Changing lane to the right,Slight Injury,22,Evening,0,0,2,3,2,3,0
Friday,31-50,Male,Junior high school,Employee,Above 10yr,Lorry (41-100Q),Owner,Unknown,Church areas,Two-way (divided with broken lines road marking),Tangent road with flat terrain,No junction,Asphalt roads,Dry,Daylight,Normal,Collision with roadside objects,2,1,Turnover,No distancing,Slight Injury,22,Evening,0,0,2,5,-1,3,0
Friday,18-30,Male,Junior high school,Employee,Below 1yr,Public (12 seats),Governmental,Unknown,Residential areas,Two-way (divided with broken lines road marking),Tangent road with flat terrain,No junction,Asphalt roads,Wet or damp,Darkness - lights lit,Normal,Vehicle with vehicle collision,2,3,Going straight,Other,Slight Injury,22,Evening,0,0,1,1,-1,3,0
Friday,Over 51,Male,Junior high school,Employee,2-5yr,Lorry (41-100Q),Owner,Unknown,Office areas,One way,Tangent road with flat terrain,No junction,Asphalt roads,Wet or damp,Darkness - lights lit,Normal,Vehicle with vehicle collision,2,3,Going straight,No priority to vehicle,Slight Injury,15,Afternoon,0,0,3,3,-1,3,0
Wednesday,31-50,Male,Junior high school,Employee,Below 1yr,Public (12 seats),Governmental,Below 1yr,Residential areas,Two-way (divided with broken lines road marking),Tangent road with flat terrain,Crossing,Asphalt roads,Wet or damp,Darkness - lights lit,Normal,Collision with roadside objects,2,3,Going straight,Changing lane to the left,Slight Injury,17,Afternoon,1,0,2,1,0,3,0
Wednesday,18-30,Male,High school,Employee,5-10yr,Lorry (41-100Q),Owner,Unknown,Other,One way,Tangent road with flat terrain,Crossing,Asphalt roads,Dry,Darkness - lights lit,Normal,Vehicle with vehicle collision,2,1,Going straight,No priority to pedestrian,Slight Injury,17,Afternoon,1,0,1,4,-1,4,0
Saturday,18-30,Male,Above high school,Employee,1-2yr,Other,Owner,Unknown,Industrial areas,Two-way (divided with broken lines road marking),Tangent road with flat terrain,Crossing,Asphalt roads,Dry,Darkness - lights lit,Normal,Vehicle with vehicle collision,2,1,Going straight,Overtaking,Slight Injury,6,Morning,0,1,1,2,-1,5,0
Saturday,Over 51,Male,Junior high school,Employee,Below 1yr,Lorry (41-100Q),Owner,Unknown,Church areas,Two-way (divided with broken lines road marking),Tangent road with flat terrain,Y Shape,Asphalt roads,Wet or damp,Daylight,Raining and Windy,Vehicle with vehicle collision,1,1,Going straight,Driving carelessly,Slight Injury,6,Morning,0,1,3,1,-1,3,0
Saturday,Over 51,Male,Unknown,Unknown,Unknown,Unknown,Owner,2-5yrs,Residential areas,Undivided Two way,Steep grade downward with mountainous terrain,Y Shape,Asphalt roads,Dry,Daylight,Normal,Rollover,2,1,Going straight,No priority to vehicle,Slight Injury,6,Morning,0,1,3,-1,2,-1,0
Thursday,Over 51,Male,High school,Employee,Below 1yr,Public (> 45 seats),Unknown,Unknown,Unknown,Two-way (divided with broken lines road marking),Tangent road with flat terrain,Y Shape,Asphalt roads,Dry,Daylight,Normal,Rollover,2,1,Going straight,No priority to pedestrian,Slight Injury,11,Morning,0,0,3,1,-1,4,0
Thursday,18-30,Male,High school,Employee,Below 1yr,Lorry (41-100Q),Unknown,Unknown,Unknown,Two-way (divided with broken lines road marking),Tangent road with flat terrain,Y Shape,Asphalt roads,Wet or damp,Darkness - lights lit,Raining,Collision with pedestrians,3,1,Going straight,Changing lane to the right,Slight Injury,11,Morning,0,0,1,1,-1,4,0
Wednesday,18-30,Male,Unknown,Unknown,Unknown,Other,Owner,1-2yr,Office areas,Undivided Two way,Tangent road with flat terrain,Y Shape,Asphalt roads,Wet or damp,Darkness - lights lit,Raining,Vehicle with vehicle collision,3,1,Turnover,Driving carelessly,Slight Injury,17,Afternoon,1,0,1,-1,1,-1,0
Wednesday,18-30,Male,High school,Employee,2-5yr,Other,Owner,Above 10yr,Outside rural areas,Two-way (divided with broken lines road marking),Tangent road with mountainous terrain and,Y Shape,Asphalt roads,Wet or damp,Darkness - lights lit,Raining,Vehicle with vehicle collision,3,1,Unknown,Changing lane to the right,Slight Injury,17,Afternoon,1,0,1,3,4,4,0
Wednesday,18-30,Male,Junior high school,Employee,Above 10yr,Automobile,Owner,Above 10yr,Church areas,Two-way (divided with broken lines road marking),Steep grade downward with mountainous terrain,Y Shape,Asphalt roads,Dry,Darkness - lights lit,Normal,Vehicle with vehicle collision,2,1,Reversing,Changing lane to the right,Slight Injury,17,Afternoon,1,0,1,5,4,3,0
Friday,31-50,Male,Junior high school,Employee,Above 10yr,Lorry (41-100Q),Owner,Unknown,Office areas,Other,Tangent road with mountainous terrain and,Other,Asphalt roads,Dry,Darkness - lights lit,Normal,Collision with pedestrians,2,1,Other,Changing lane to the left,Slight Injury,17,Afternoon,1,0,2,5,-1,3,0
Monday,18-30,Male,Junior high school,Employee,5-10yr,Pick up upto 10Q,Owner,Above 10yr,Church areas,Two-way (divided with broken lines road marking),Steep grade downward with mountainous terrain,Other,Asphalt roads,Dry,Daylight,Normal,Collision with pedestrians,1,1,Going straight,Overturning,Slight Injury,10,Morning,0,0,1,4,4,3,0
Monday,Over 51,Male,Junior high school,Employee,1-2yr,Automobile,Unknown,Unknown,Office areas,Other,Tangent road with mountainous terrain and,Y Shape,Asphalt roads,Wet or damp,Darkness - lights lit,Normal,Vehicle with vehicle collision,2,2,Going straight,Driving carelessly,Slight Injury,10,Morning,0,0,3,2,-1,3,0
Monday,31-50,Male,Unknown,Employee,Below 1yr,Unknown,Governmental,Unknown,Office areas,Undivided Two way,Tangent road with flat terrain,Y Shape,Asphalt roads,Wet or damp,Darkness - lights lit,Normal,Vehicle with vehicle collision,2,2,Turnover,No distancing,Slight Injury,10,Morning,0,0,2,1,-1,-1,0
Monday,31-50,Female,Junior high school,Employee,Below 1yr,Other,Owner,1-2yr,School areas,Two-way (divided with broken lines road marking),Tangent road with flat terrain,Y Shape,Asphalt roads,Wet or damp,Darkness - lights lit,Normal,Vehicle with vehicle collision,2,2,Other,Driving carelessly,Slight Injury,10,Morning,0,0,2,1,1,3,0
Friday,18-30,Male,High school,Employee,2-5yr,Automobile,Owner,Below 1yr,Residential areas,Two-way (divided with broken lines road marking),Tangent road with flat terrain,No junction,Asphalt roads,Wet or damp,Darkness - lights lit,Normal,Collision with roadside objects,2,5,Going straight,Changing lane to the left,Slight Injury,18,Evening,1,0,1,3,0,4,0
Saturday,18-30,Male,Junior high school,Owner,1-2yr,Stationwagen,Owner,Unknown,Office areas,Other,Tangent road with mountainous terrain and,Y Shape,Asphalt roads,Wet or damp,Darkness - lights lit,Normal,Vehicle with vehicle collision,2,5,Going straight,No priority to vehicle,Slight Injury,17,Afternoon,1,1,1,2,-1,3,0
Saturday,18-30,Male,Junior high school,Employee,5-10yr,Other,Owner,Unknown,Other,Other,Tangent road with flat terrain,Y Shape,Asphalt roads,Wet or damp,Darkness - lights lit,Normal,Collision with roadside objects,2,5,Other,Changing lane to the right,Slight Injury,17,Afternoon,1,1,1,4,-1,3,0
Saturday,Over 51,Male,Elementary school,Employee,2-5yr,Unknown,Owner,Unknown,Other,Two-way (divided with broken lines road marking),Tangent road with flat terrain,No junction,Asphalt roads,Wet or damp,Darkness - lights lit,Normal,Vehicle with vehicle collision,2,5,Going straight,No distancing,Slight Injury,17,Afternoon,1,1,3,3,-1,2,0
Wednesday,18-30,Male,Elementary school,Owner,5-10yr,Ridden horse,Owner,Unknown,Residential areas,Undivided Two way,Tangent road with flat terrain,Crossing,Asphalt roads,Wet or damp,Darkness - lights lit,Normal,Vehicle with vehicle collision,2,5,Turnover,Moving Backward,Slight Injury,17,Afternoon,1,0,1,4,-1,2,0
Monday,18-30,Male,Junior high school,Employee,Above 10yr,Unknown,Owner,Unknown,Office areas,Undivided Two way,Tangent road with flat terrain,Crossing,Asphalt roads,Wet or damp,Darkness - lights lit,Raining,Collision with roadside objects,2,1,Going straight,Moving Backward,Slight Injury,19,Evening,1,0,1,5,-1,3,0
Monday,31-50,Male,Junior high school,Employee,5-10yr,Other,Owner,Unknown,Office areas,Undivided Two way,Tangent road with flat terrain,Y Shape,Asphalt roads,Wet or damp,Darkness - lights lit,Raining,Vehicle with vehicle collision,2,1,Turnover,No distancing,Slight Injury,19,Evening,1,0,2,4,-1,3,0
Thursday,31-50,Male,High school,Employee,5-10yr,Lorry (41-100Q),Owner,Unknown,Residential areas,Undivided Two way,Tangent road with flat terrain,Y Shape,Asphalt roads,Wet or damp,Darkness - lights lit,Normal,Vehicle with vehicle collision,2,1,Going straight,No distancing,Slight Injury,21,Evening,0,0,2,4,-1,4,0
Thursday,31-50,Male,Junior high school,Employee,5-10yr,Lorry (41-100Q),Owner,Unknown,Office areas,Undivided Two way,Tangent road with flat terrain,No junction,Asphalt roads,Wet or damp,Darkness - lights lit,Normal,Collision with roadside objects,2,1,Moving Backward,No distancing,Slight Injury,21,Evening,0,0,2,4,-1,3,0
Monday,Over 51,Male,Junior high school,Employee,Above 10yr,Lorry (41-100Q),Owner,Unknown,Office areas,Undivided Two way,Tangent road with flat terrain,No junction,Asphalt roads,Wet or damp,Daylight,Normal,Collision with roadside objects,2,1,Unknown,No priority to pedestrian,Serious Injury,13,Afternoon,0,0,3,5,-1,3,1
Monday,Over 51,Male,Junior high school,Unknown,1-2yr,Stationwagen,Owner,Unknown,Office areas,Unknown,Tangent road with flat terrain,No junction,Asphalt roads,Wet or damp,Daylight,Normal,Vehicle with vehicle collision,2,1,Going straight,Driving carelessly,Serious Injury,13,Afternoon,0,0,3,2,-1,3,1
Thursday,31-50,Male,Junior high school,Employee,2-5yr,Lorry (41-100Q),Owner,Unknown,Office areas,Two-way (divided with broken lines road marking),Tangent road with flat terrain,No junction,Asphalt roads,Dry,Daylight,Normal,Vehicle with vehicle collision,1,1,Going straight,Changing lane to the right,Serious Injury,4,Night,0,0,2,3,-1,3,1
Friday,31-50,Male,Junior high school,Employee,1-2yr,Automobile,Owner,Unknown,Other,Undivided Two way,Tangent road with flat terrain,No junction,Asphalt roads,Wet or damp,Daylight,Cloudy,Vehicle with vehicle collision,1,1,Reversing,Changing lane to the left,Slight Injury,13,Afternoon,0,0,2,2,-1,3,0
Friday,Over 51,Male,Unknown,Unknown,Unknown,Automobile,Owner,Unknown,Other,Two-way (divided with broken lines road marking),Tangent road with flat terrain,Y Shape,Asphalt roads,Dry,Daylight,Normal,Vehicle with vehicle collision,2,2,Reversing,Driving carelessly,Slight Injury,13,Afternoon,0,0,3,-1,-1,-1,0
Thursday,31-50,Male,Elementary school,Employee,5-10yr,Pick up upto 10Q,Owner,2-5yrs,Other,Two-way (divided with broken lines road marking),Tangent road with flat terrain,Y Shape,Asphalt roads,Dry,Daylight,Normal,Vehicle with vehicle collision,2,2,Reversing,Driving carelessly,Slight Injury,17,Afternoon,1,0,2,4,2,2,0
Sunday,Over 51,Male,Junior high school,Employee,5-10yr,Taxi,Owner,2-5yrs,Residential areas,One way,Tangent road with flat terrain,Y Shape,Asphalt roads,Dry,Daylight,Normal,Vehicle with vehicle collision,2,2,Going straight,No distancing,Slight Injury,12,Afternoon,0,1,3,4,2,3,0
Sunday,31-50,Male,Junior high school,Employee,Above 10yr,Unknown,Owner,2-5yrs,School areas,Undivided Two way,Tangent road with mild grade and flat terrain,Y Shape,Asphalt roads,Wet or damp,Daylight,Raining,Vehicle with vehicle collision,1,1,Going straight,Other,Slight Injury,12,Afternoon,0,1,2,5,2,3,0
Tuesday,18-30,Male,Junior high school,Employee,2-5yr,Automobile,Owner,2-5yrs,Residential areas,Undivided Two way,Tangent road with mild grade and flat terrain,Y Shape,Asphalt roads,Wet or damp,Daylight,Other,Vehicle with vehicle collision,1,1,Going straight,Changing lane to the right,Slight Injury,13,Afternoon,0,0,1,3,2,3,0
Tuesday,31-50,Male,Junior high school,Owner,Above 10yr,Unknown,Owner,2-5yrs,Office areas,Two-way (divided with broken lines road marking),Tangent road with flat terrain,Y Shape,Asphalt roads,Wet or damp,Daylight,Raining,Vehicle with vehicle collision,2,1,Going straight,Changing lane to the right,Serious Injury,13,Afternoon,0,0,2,5,2,3,1
Tuesday,31-50,Male,Junior high school,Employee,2-5yr,Long lorry,Owner,Unknown,Church areas,One way,Tangent road with flat terrain,Y Shape,Asphalt roads,Wet or damp,Daylight,Raining,Vehicle with vehicle collision,2,1,Moving Backward,No distancing,Serious Injury,12,Afternoon,0,0,2,3,-1,3,1
Tuesday,18-30,Male,Elementary school,Other,5-10yr,Public (12 seats),Owner,Unknown,Other,Undivided Two way,Tangent road with flat terrain,Y Shape,Asphalt roads,Wet or damp,Darkness - lights lit,Normal,Vehicle with vehicle collision,2,1,Going straight,No distancing,Slight Injury,12,Afternoon,0,0,1,4,-1,2,0
Tuesday,31-50,Male,Elementary school,Employee,5-10yr,Pick up upto 10Q,Owner,2-5yrs,Other,One way,Tangent road with flat terrain,No junction,Asphalt roads,Wet or damp,Darkness - lights lit,Normal,Vehicle with vehicle collision,2,1,Moving Backward,Overturning,Slight Injury,12,Afternoon,0,0,2,4,2,2,0
Tuesday,31-50,Male,Junior high school,Unknown,5-10yr,Unknown,Owner,5-10yrs,Other,Two-way (divided with broken lines road marking),Tangent road with flat terrain,No junction,Asphalt roads,Wet or damp,Darkness - lights lit,Raining,Vehicle with vehicle collision,1,1,Moving Backward,Driving at high speed,Fatal injury,12,Afternoon,0,0,2,4,3,3,2
Wednesday,18-30,Male,Junior high school,Employee,5-10yr,Other,Owner,Unknown,Other,Two-way (divided with broken lines road marking),Tangent road with flat terrain,No junction,Asphalt roads,Wet or damp,Darkness - lights lit,Cloudy,Vehicle with vehicle collision,2,1,Going straight,No priority to vehicle,Slight Injury,8,Morning,1,0,1,4,-1,3,0
Wednesday,18-30,Male,Elementary school,Employee,Above 10yr,Lorry (41-100Q),Owner,Unknown,Office areas,Undivided Two way,Tangent road with flat terrain,No junction,Asphalt roads,Wet or damp,Darkness - lights lit,Cloudy,Vehicle with vehicle collision,2,1,Other,No priority to pedestrian,Slight Injury,8,Morning,1,0,1,5,-1,2,0
Wednesday,Over 51,Male,Junior high school,Unknown,Below 1yr,Automobile,Owner,Unknown,Office areas,Two-way (divided with solid lines road marking),Tangent road with flat terrain,No junction,Asphalt roads,Dry,Darkness - lights lit,Normal,Vehicle with vehicle collision,2,1,Going straight,No priority to vehicle,Slight Injury,8,Morning,1,0,3,1,-1,3,0
Friday,Over 51,Male,Junior high school,Employee,5-10yr,Pick up upto 10Q,Owner,Unknown,Residential areas,Undivided Two way,Tangent road with flat terrain,No junction,Asphalt roads,Dry,Darkness - lights lit,Normal,Vehicle with vehicle collision,2,1,Other,Other,Slight Injury,12,Afternoon,0,0,3,4,-1,3,0
Friday,Over 51,Male,Elementary school,Employee,1-2yr,Lorry (41-100Q),Owner,Unknown,Office areas,One way,Tangent road with flat terrain,No junction,Asphalt roads,Wet or damp,Darkness - lights lit,Windy,Vehicle with vehicle collision,1,1,Going straight,Other,Slight Injury,12,Afternoon,0,0,3,2,-1,2,0
Friday,31-50,Male,Junior high school,Employee,Above 10yr,Lorry (41-100Q),Owner,Unknown,Residential areas,Two-way (divided with broken lines road marking),Tangent road with flat terrain,No junction,Asphalt roads,Wet or damp,Daylight,Raining,Collision with roadside objects,2,1,Reversing,Moving Backward,Slight Injury,12,Afternoon,0,0,2,5,-1,3,0
Thursday,31-50,Male,Elementary school,Owner,2-5yr,Long lorry,Owner,Unknown,Office areas,Undivided Two way,Tangent road with flat terrain,Other,Asphalt roads,Wet or damp,Daylight,Raining,Vehicle with vehicle collision,2,1,Unknown,No distancing,Slight Injury,12,Afternoon,0,0,2,3,-1,2,0
Thursday,31-50,Male,Junior high school,Employee,5-10yr,Public (> 45 seats),Owner,Unknown,Other,Two-way (divided with broken lines road marking),Tangent road with flat terrain,Other,Asphalt roads,Dry,Darkness - lights lit,Normal,Collision with pedestrians,2,1,Going straight,Moving Backward,Slight Injury,12,Afternoon,0,0,2,4,-1,3,0
Sunday,Under 18,Male,Junior high school,Employee,Below 1yr,Public (> 45 seats),Owner,Unknown,Office areas,One way,Tangent road with flat terrain,No junction,Asphalt roads,Dry,Darkness - lights lit,Normal,Vehicle with vehicle collision,2,1,Going straight,No priority to vehicle,Slight Injury,11,Morning,0,1,0,1,-1,3,0
Sunday,18-30,Male,Junior high school,Employee,5-10yr,Automobile,Owner,Unknown,School areas,Undivided Two way,Tangent road with flat terrain,No junction,Asphalt roads,Wet or damp,Darkness - lights lit,Other,Collision with roadside objects,1,1,Going straight,Driving carelessly,Slight Injury,11,Morning,0,1,1,4,-1,3,0
Sunday,31-50,Male,High school,Employee,Above 10yr,Automobile,Owner,Unknown,Residential areas,One way,Tangent road with flat terrain,No junction,Unknown,Wet or damp,Darkness - lights lit,Windy,Vehicle with vehicle collision,1,1,Going straight,No distancing,Slight Injury,11,Morning,0,1,2,5,-1,4,0
Sunday,31-50,Male,Junior high school,Employee,5-10yr,Automobile,Owner,Unknown,Office areas,Undivided Two way,Tangent road with flat terrain,Y Shape,Asphalt roads,Wet or damp,Darkness - lights lit,Raining,Vehicle with vehicle collision,1,1,Going straight,Other,Slight Injury,11,Morning,0,1,2,4,-1,3,0
Monday,Over 51,Male,Elementary school,Employee,1-2yr,Other,Owner,Unknown,Residential areas,Undivided Two way,Tangent road with flat terrain,Y Shape,Asphalt roads,Wet or damp,Darkness - lights lit,Raining,Vehicle with vehicle collision,2,1,Going straight,Changing lane to the right,Serious Injury,10,Morning,0,0,3,2,-1,2,1
Thursday,31-50,Male,Junior high school,Employee,Unknown,Public (12 seats),Owner,Unknown,Office areas,Undivided Two way,Tangent road with flat terrain,No junction,Asphalt roads,Wet or damp,Darkness - lights lit,Raining,Vehicle with vehicle collision,2,1,Other,No distancing,Serious Injury,22,Evening,0,0,2,-1,-1,3,1
Thursday,31-50,Male,Above high school,Employee,1-2yr,Automobile,Owner,2-5yrs,Office areas,Two-way (divided with broken lines road marking),Tangent road with flat terrain,No junction,Asphalt roads,Wet or damp,Daylight,Cloudy,Vehicle with vehicle collision,1,1,Going straight,Driving carelessly,Slight Injury,22,Evening,0,0,2,2,2,5,0
Friday,Over 51,Male,Junior high school,Employee,Above 10yr,Stationwagen,Owner,Unknown,Residential areas,Undivided Two way,Tangent road with flat terrain,No junction,Asphalt roads,Wet or damp,Darkness - lights lit,Raining,Rollover,2,2,Going straight,No distancing,Slight Injury,17,Afternoon,1,0,3,5,-1,3,0
Friday,31-50,Male,Junior high school,Employee,1-2yr,Automobile,Owner,Unknown,Other,Two-way (divided with broken lines road marking),Tangent road with flat terrain,Y Shape,Asphalt roads,Wet or damp,Darkness - lights lit,Raining,Collision with roadside objects,2,2,Going straight,No priority to vehicle,Slight Injury,17,Afternoon,1,0,2,2,-1,3,0
Tuesday,Over 51,Male,Junior high school,Employee,5-10yr,Automobile,Owner,Above 10yr,Industrial areas,Undivided Two way,Tangent road with flat terrain,Y Shape,Asphalt roads,Wet or damp,Darkness - lights lit,Normal,Vehicle with vehicle collision,1,2,Going straight,Changing lane to the right,Slight Injury,12,Afternoon,0,0,3,4,4,3,0
Tuesday,31-50,Male,Junior high school,Employee,2-5yr,Automobile,Owner,Unknown,Office areas,Two-way (divided with broken lines road marking),Tangent road with flat terrain,Y Shape,Asphalt roads,Wet or damp,Darkness - lights lit,Normal,Collision with roadside objects,1,2,Reversing,No priority to pedestrian,Slight Injury,12,Afternoon,0,0,2,3,-1,3,0
Tuesday,Over 51,Male,Unknown,Unknown,Unknown,Unknown,Organization,Unknown,Recreational areas,Two-way (divided with broken lines road marking),Tangent road with flat terrain,Y Shape,Asphalt roads,Dry,Darkness - lights lit,Normal,Vehicle with vehicle collision,2,1,Going straight,No priority to vehicle,Slight Injury,8,Morning,1,0,3,-1,-1,-1,0
Tuesday,18-30,Male,Junior high school,Employee,2-5yr,Unknown,Owner,1-2yr,Residential areas,Two-way (divided with broken lines road marking),Tangent road with flat terrain,No junction,Asphalt roads,Dry,Darkness - lights lit,Normal,Vehicle with vehicle collision,2,1,Going straight,Changing lane to the left,Slight Injury,8,Morning,1,0,1,3,1,3,0
Tuesday,31-50,Male,Junior high school,Employee,2-5yr,Pick up upto 10Q,Owner,Above 10yr,Residential areas,Undivided Two way,Tangent road with flat terrain,No junction,Asphalt roads,Wet or damp,Darkness - lights lit,Normal,Vehicle with vehicle collision,1,1,Other,Turnover,Serious Injury,8,Morning,1,0,2,3,4,3,1
Tuesday,18-30,Male,Junior high school,Employee,Above 10yr,Turbo,Owner,5-10yrs,Church areas,Undivided Two way,Steep grade downward with mountainous terrain,No junction,Asphalt roads,Dry,Darkness - lights lit,Normal,Vehicle with vehicle collision,2,2,Going straight,Driving to the left,Slight Injury,17,Afternoon,1,0,1,5,3,3,0
Wednesday,Unknown,Male,Junior high school,Employee,1-2yr,Pick up upto 10Q,Owner,5-10yrs,Residential areas,Undivided Two way,Tangent road with flat terrain,No junction,Asphalt roads,Dry,Darkness - lights lit,Normal,Vehicle with vehicle collision,2,2,Going straight,Driving carelessly,Slight Injury,17,Afternoon,1,0,-1,2,3,3,0
Thursday,31-50,Male,Above high school,Owner,1-2yr,Other,Owner,Unknown,Unknown,Other,Tangent road with flat terrain,No junction,Asphalt roads,Dry,Darkness - lights lit,Normal,Collision with roadside objects,2,2,Going straight,Driving to the left,Slight Injury,9,Morning,1,0,2,2,-1,5,0
Thursday,Over 51,Female,Above high school,Employee,No Licence,Stationwagen,Owner,5-10yrs,Other,Undivided Two way,Tangent road with flat terrain,No junction,Asphalt roads,Wet or damp,Daylight,Normal,Vehicle with vehicle collision,1,1,Turnover,Driving carelessly,Slight Injury,9,Morning,1,0,3,0,3,5,0
Friday,31-50,Male,Junior high school,Employee,1-2yr,Pick up upto 10Q,Owner,Unknown,Other,Two-way (divided with solid lines road marking),Tangent road with flat terrain,No junction,Asphalt roads,Dry,Darkness - lights lit,Normal,Collision with roadside objects,2,1,Going straight,No priority to pedestrian,Slight Injury,18,Evening,1,0,2,2,-1,3,0
Friday,Unknown,Male,Junior high school,Employee,5-10yr,Lorry (41-100Q),Owner,Unknown,Church areas,Two-way (divided with solid lines road marking),Tangent road with flat terrain,No junction,Asphalt roads,Dry,Darkness - lights lit,Normal,Vehicle with vehicle collision,2,1,Going straight,Driving carelessly,Slight Injury,18,Evening,1,0,-1,4,-1,3,0